Company Code,Company Name,Domicile:,Formed:,Incorporation number:,Last check on companies registry:,Primary Listing:,SFC ID:,Status:,Type:,Web sites:,Year-end:
00005,HSBC HOLDINGS PLC,England & Wales,1959-01-01,00617987,2020-01-04,HK Main,,Active,Listed company,www.hsbcgroup.com,31-Dec
00011,"HANG SENG BANK, LIMITED 恒生銀行有限公司",Hong Kong,1952-12-05,0003653,2020-01-07,HK Main,AAH297,Active,Listed company,www.hangseng.com,31-Dec
00023,"BANK OF EAST ASIA, LIMITED (THE) 東亞銀行有限公司",Hong Kong,1918-11-14,0000255,2020-01-10,HK Main,AAJ165,Active,Listed company,www.hkbea.com,31-Dec
00416,"BANK OF JINZHOU CO., LTD. 錦州銀行股份有限公司",The People's Republic of China,1997-01-22,,2017-03-11,HK Main,,,Listed company,www.jinzhoubank.com,31-Dec
00440,DAH SING FINANCIAL HOLDINGS LIMITED 大新金融集團有限公司,Hong Kong,1987-04-22,0187297,2019-12-20,HK Main,,Active,Listed company,www.dahsing.com,31-Dec
00626,Public Financial Holdings Limited 大眾金融控股有限公司,Bermuda,1991-08-16,16688,2017-03-10,HK Main,,,Listed company,"www.publicbank.com.hk
www.publicfinancial.com.hk",31-Dec
00939,CHINA CONSTRUCTION BANK CORPORATION 中國建設銀行股份有限公司,The People's Republic of China,1954,,2017-03-11,HK Main,ALG498,,Listed company,"www.ccb.cn
www.ccb.com
www.ccbhk.com",31-Dec
00998,China CITIC Bank Corporation Limited 中信銀行股份有限公司,The People's Republic of China,1987-04-20,,2017-03-11,HK Main,,,Listed company,"ir.citicbank.com
www.citicbank.com",31-Dec
01111,Chong Hing Bank Limited 創興銀行有限公司,Hong Kong,1955-03-17,0004158,2019-12-13,HK Main,AAA621,Active,Listed company,www.chbank.com,31-Dec
01216,"ZHONGYUAN BANK CO., LTD. 中原銀行股份有限公司",The People's Republic of China,2014-12-23,,,HK Main,,,Listed company,"www.zybank.com.cn
www.zybank.com.cn",31-Dec
01288,AGRICULTURAL BANK OF CHINA LIMITED 中國農業銀行股份有限公司,The People's Republic of China,1951,,2017-03-11,HK Main,ACX641,,Listed company,"www.abchina.com
www.hk.abchina.com",31-Dec
01398,Industrial and Commercial Bank of China Limited 中國工商銀行股份有限公司,The People's Republic of China,1984-01-01,,2017-03-11,HK Main,,,Listed company,www.icbc.com.cn,31-Dec
01551,"Guangzhou Rural Commercial Bank Co., Ltd. 廣州農村商業銀行股份有限公司",The People's Republic of China,2006-10-27,,2017-03-11,HK Main,,,Listed company,www.grcbank.com,31-Dec
01578,"BANK OF TIANJIN CO., LTD. 天津銀行股份有限公司",The People's Republic of China,1996-11-06,,2017-03-11,HK Main,,,Listed company,www.bankoftianjin.com,31-Dec
01658,"Postal Savings Bank of China Co., Ltd. 中國郵政儲蓄銀行股份有限公司",The People's Republic of China,2007-03-06,,2017-03-11,HK Main,,,Listed company,www.psbc.com,31-Dec
01916,"JIANGXI BANK CO., LTD. 江西銀行股份有限公司",The People's Republic of China,1998-02-18,,,HK Main,,,Listed company,www.jx-bank.com,31-Dec
01963,"Bank of Chongqing Co., Ltd. 重慶銀行股份有限公司",The People's Republic of China,1996-09-27,,2017-03-11,HK Main,,,Listed company,www.cqcbank.com,31-Dec
01983,"LUZHOU BANK CO., LTD. 瀘州銀行股份有限公司",The People's Republic of China,1997-09-15,,,HK Main,,,Listed company,www.lzccb.cn,31-Dec
01988,"China Minsheng Banking Corp., Ltd. 中國民生銀行股份有限公司",The People's Republic of China,1996-02-07,,2017-03-11,HK Main,AUD728,,Listed company,www.cmbc.com.cn,31-Dec
02016,"CHINA ZHESHANG BANK CO., LTD. 浙商銀行股份有限公司",The People's Republic of China,1993-04,,,HK Main,,,Listed company,www.czbank.com,31-Dec
02066,"Shengjing Bank Co., Ltd. 盛京銀行股份有限公司",The People's Republic of China,1997-09,,2017-03-10,HK Main,,,Listed company,www.shengjingbank.com.cn,31-Dec
02139,"Bank of Gansu Co., Ltd. 甘肅銀行股份有限公司",The People's Republic of China,2011-11-18,,,HK Main,,,Listed company,www.gsbankchina.com,31-Dec
02356,DAH SING BANKING GROUP LIMITED 大新銀行集團有限公司,Hong Kong,2004-03-11,0888414,2019-12-25,HK Main,,Active,Listed company,www.dahsing.com,31-Dec
02388,BOC HONG KONG (HOLDINGS) LIMITED (HK) 中銀香港(控股)有限公司,Hong Kong,2001-09-12,0770009,2020-01-15,HK Main,,Active,Listed company,www.bochk.com,31-Dec
02558,"JINSHANG BANK CO., LTD. 晉商銀行股份有限公司",The People's Republic of China,1998-10-16,,,HK Main,,,Listed company,www.jshbank.com,31-Dec
02888,STANDARD CHARTERED PLC 渣打集團有限公司,England & Wales,1969-11-18,00966425,2020-01-10,HK Main,,Active,"Public, ltd by shares",www.standardchartered.com,31-Dec
03328,"Bank of Communications Co., Ltd. 交通銀行股份有限公司",The People's Republic of China,1987-03-30,,2017-03-11,HK Main,AAK782,,Listed company,"www.bankcomm.com
www.bankcomm.com.hk",31-Dec
03618,"Chongqing Rural Commercial Bank Co., Ltd. 重慶農村商業銀行股份有限公司",The People's Republic of China,2008-06-27,,2017-03-11,HK Main,,,Listed company,www.cqrcb.com,31-Dec
03698,Huishang Bank Corporation Limited 徽商銀行股份有限公司,The People's Republic of China,1997-04-04,,2017-03-10,HK Main,,,Listed company,www.hsbank.com.cn,31-Dec
03866,"Bank of Qingdao Co., Ltd. 青島銀行股份有限公司",The People's Republic of China,1996-11-15,,2017-03-11,HK Main,,,Listed company,www.qdccb.com,31-Dec
03968,"CHINA MERCHANTS BANK CO., LTD. 招商銀行股份有限公司",The People's Republic of China,1987-03-31,,2017-03-11,HK Main,AHN815,,Listed company,"hk.cmbchina.com
www.cmbchina.com",31-Dec
03988,BANK OF CHINA LIMITED 中國銀行股份有限公司,The People's Republic of China,1912,,2017-03-11,HK Main,AAK801,,Listed company,www.boc.cn,31-Dec
04605,"Bank of Communications Co., Ltd. 交通銀行股份有限公司",The People's Republic of China,1987-03-30,,2017-03-11,HK Main,AAK782,,Listed company,"www.bankcomm.com
www.bankcomm.com.hk",31-Dec
04606,CHINA CONSTRUCTION BANK CORPORATION 中國建設銀行股份有限公司,The People's Republic of China,1954,,2017-03-11,HK Main,ALG498,,Listed company,"www.ccb.cn
www.ccb.com
www.ccbhk.com",31-Dec
04608,Huishang Bank Corporation Limited 徽商銀行股份有限公司,The People's Republic of China,1997-04-04,,2017-03-10,HK Main,,,Listed company,www.hsbank.com.cn,31-Dec
04609,"China Minsheng Banking Corp., Ltd. 中國民生銀行股份有限公司",The People's Republic of China,1996-02-07,,2017-03-11,HK Main,AUD728,,Listed company,www.cmbc.com.cn,31-Dec
04610,"CHINA ZHESHANG BANK CO., LTD. 浙商銀行股份有限公司",The People's Republic of China,1993-04,,,HK Main,,,Listed company,www.czbank.com,31-Dec
04611,"Bank of Qingdao Co., Ltd. 青島銀行股份有限公司",The People's Republic of China,1996-11-15,,2017-03-11,HK Main,,,Listed company,www.qdccb.com,31-Dec
04612,"Postal Savings Bank of China Co., Ltd. 中國郵政儲蓄銀行股份有限公司",The People's Republic of China,2007-03-06,,2017-03-11,HK Main,,,Listed company,www.psbc.com,31-Dec
04613,"Bank of Zhengzhou Co., Ltd. 鄭州銀行股份有限公司",The People's Republic of China,1996-11,,2017-03-11,HK Main,,,Listed company,www.zzbank.cn,31-Dec
04614,"CHINA MERCHANTS BANK CO., LTD. 招商銀行股份有限公司",The People's Republic of China,1987-03-31,,2017-03-11,HK Main,AHN815,,Listed company,"hk.cmbchina.com
www.cmbchina.com",31-Dec
04615,"BANK OF JINZHOU CO., LTD. 錦州銀行股份有限公司",The People's Republic of China,1997-01-22,,2017-03-11,HK Main,,,Listed company,www.jinzhoubank.com,31-Dec
04616,"Bank of Chongqing Co., Ltd. 重慶銀行股份有限公司",The People's Republic of China,1996-09-27,,2017-03-11,HK Main,,,Listed company,www.cqcbank.com,31-Dec
04617,"ZHONGYUAN BANK CO., LTD. 中原銀行股份有限公司",The People's Republic of China,2014-12-23,,,HK Main,,,Listed company,"www.zybank.com.cn
www.zybank.com.cn",31-Dec
04618,"Guangzhou Rural Commercial Bank Co., Ltd. 廣州農村商業銀行股份有限公司",The People's Republic of China,2006-10-27,,2017-03-11,HK Main,,,Listed company,www.grcbank.com,31-Dec
06122,Jilin Jiutai Rural Commercial Bank Corporation Limited 吉林九台農村商業銀行股份有限公司,The People's Republic of China,2008-12-16,,2017-03-11,HK Main,,,Listed company,www.jtnsh.com,31-Dec
06138,"Harbin Bank Co., Ltd. 哈爾濱銀行股份有限公司",The People's Republic of China,1997-07-25,,2017-03-10,HK Main,,,Listed company,www.hrbb.com.cn,31-Dec
06190,"Bank of Jiujiang Co., Ltd. 九江銀行股份有限公司",The People's Republic of China,2000-11-17,,,HK Main,,,Listed company,www.jjccb.com,31-Dec
06196,"Bank of Zhengzhou Co., Ltd. 鄭州銀行股份有限公司",The People's Republic of China,1996-11,,2017-03-11,HK Main,,,Listed company,www.zzbank.cn,31-Dec
06818,China Everbright Bank Company Limited 中國光大銀行股份有限公司,The People's Republic of China,1992-06-18,,2017-03-11,HK Main,AGN963,,Listed company,www.hkg.cebbank.com,31-Dec
00662,ASIA FINANCIAL HOLDINGS LIMITED 亞洲金融集團(控股)有限公司,Bermuda,1990-09-27,15882,2017-03-11,HK Main,,,Listed company,www.afh.hk,31-Dec
00945,MANULIFE FINANCIAL CORPORATION,Canada,1999-04-26,,2017-03-10,Toronto,,,Listed company,"manulife-kowloonsouth.com
www.manulife.com",31-Dec
00966,CHINA TAIPING INSURANCE HOLDINGS COMPANY LIMITED 中國太平保險控股有限公司,Hong Kong,2000-02-18,0704674,2019-12-20,HK Main,,Active,Listed company,www.ctih.cntaiping.com,31-Dec
01299,AIA Group Limited 友邦保險控股有限公司,Hong Kong,2009-08-24,1366053,2020-01-09,HK Main,,Active,Listed company,www.aia.com,31-Dec
01336,New China Life Insurance Company Ltd. 新華人壽保險股份有限公司,The People's Republic of China,1996-09-28,,2017-03-10,HK Main,,,Listed company,www.newchinalife.com,31-Dec
01339,People's Insurance Company (Group) of China Limited (The) 中國人民保險集團股份有限公司,The People's Republic of China,1949-10-20,,2017-03-10,HK Main,,,Listed company,"zh.wikipedia.org/wiki/%E4%B8%AD%E5%9B%BD%E4%BA%BA%E6%B0%91%E4%BF%9D%E9%99%A9%E9%9B%86%E5%9B%A2
www.picc.com.cn",31-Dec
01508,China Reinsurance (Group) Corporation 中國再保險(集團)股份有限公司,The People's Republic of China,1996-08-22,,2017-03-11,HK Main,,,Listed company,www.chinare.com.cn,31-Dec
02318,"PING AN INSURANCE (GROUP) COMPANY OF CHINA, LTD. 中國平安保險(集團)股份有限公司",The People's Republic of China,1997-01-16,,2017-03-10,HK Main,,,Listed company,www.pingan.com,31-Dec
02328,PICC PROPERTY AND CASUALTY COMPANY LIMITED 中國人民財產保險股份有限公司,The People's Republic of China,2003-07-07,,2017-03-10,HK Main,,,Listed company,www.epicc.com.cn,31-Dec
02378,PRUDENTIAL PUBLIC LIMITED COMPANY,England & Wales,1978-11-01,01397169,2020-01-11,HK Main,,Active,"Public, ltd by shares","www.prudentialplc.com
www.prudential.co.uk (archived)",31-Dec
02601,"China Pacific Insurance (Group) Co., Ltd. 中國太平洋保險(集團)股份有限公司",The People's Republic of China,1991-05-13,,2017-03-11,HK Main,,,Listed company,www.cpic.com.cn,31-Dec
02628,CHINA LIFE INSURANCE COMPANY LIMITED 中國人壽保險股份有限公司,The People's Republic of China,2003-06-30,,2017-03-11,HK Main,,,Listed company,"www.chinalife.com.cn
www.e-chinalife.com",31-Dec
06060,"ZhongAn Online P & C Insurance Co., Ltd. 眾安在綫財產保險股份有限公司",The People's Republic of China,2013-10-09,,,HK Main,,,Listed company,www.zhongan.com,31-Dec
06161,TARGET INSURANCE (HOLDINGS) LIMITED 泰加保險(控股)有限公司,Hong Kong,2014-08-28,2138382,2020-01-10,HK Main,,Active,Listed company,"www.targetins.com.hk
www.targetinsholdings.com",31-Dec
00053,GUOCO GROUP LIMITED 國浩集團有限公司,Bermuda,1990-05-25,15590,2017-03-10,HK Main,,,Listed company,www.guoco.com,30-Jun
00068,LEE HING DEVELOPMENT LIMITED 利興發展有限公司,Hong Kong,1972-10-03,0029786,2019-12-13,HK Main,,Active,Listed company,www.lhd.com.hk,31-Dec
00080,China New Economy Fund Limited 中國新經濟投資有限公司,Cayman Islands,2010-02-01,,2017-03-11,HK Main,,,Listed company,www.chinaneweconomyfund.com,31-Dec
00133,CHINA MERCHANTS CHINA DIRECT INVESTMENTS LIMITED 招商局中國基金有限公司,Hong Kong,1993-04-13,0414700,2019-12-13,HK Main,,Active,Listed company,www.cmcdi.com.hk,31-Dec
00139,Central Wealth Group Holdings Limited 中達集團控股有限公司,Bermuda,1993-09-01,18631,2017-03-11,HK Main,,,Listed company,"www.cwghl.com
www.cspthl.com (archived)",31-Dec
00165,CHINA EVERBRIGHT LIMITED (HK) 中國光大控股有限公司,Hong Kong,1972-08-25,0029258,2019-12-07,HK Main,,Active,Listed company,www.everbright165.com,31-Dec
00174,Gemini Investments (Holdings) Limited 盛洋投資(控股)有限公司,Hong Kong,1987-06-19,0191691,2019-12-31,HK Main,,Active,Listed company,www.geminiinvestments.com.hk,31-Dec
00204,China Investment Development Limited 中國投資開發有限公司,Bermuda,1998-03-25,45162,2017-03-11,HK Main,,,Listed company,www.chinainvestment.com.hk,31-Mar
00235,CHINA STRATEGIC HOLDINGS LIMITED 中策集團有限公司,Hong Kong,1972-09-22,0029649,2019-12-13,HK Main,,Active,Listed company,www.cshgroup.com,31-Dec
00310,Prosperity Investment Holdings Limited 嘉進投資國際有限公司,Bermuda,2001-06-15,30654,2017-03-10,HK Main,,,Listed company,www.irasia.com/listco/hk/prosperityinv,31-Dec
00329,OCI International Holdings Limited 東建國際控股有限公司,Cayman Islands,2000-09-15,,2017-03-09,HK Main,,,Listed company,www.oci-intl.com,31-Dec
00339,Core Economy Investment Group Limited 核心經濟投資集團有限公司,Bermuda,2000-02-09,37777,2017-03-09,HK Main,,,Listed company,"www.ceig.hk
www.earnest-inv.com",31-Dec
00356,DT Capital Limited 鼎立資本有限公司,Cayman Islands,2001-12-05,,2017-03-09,HK Main,,,Listed company,www.dt-capitalhk.com,31-Dec
00372,PT International Development Corporation Limited 保德國際發展企業有限公司,Bermuda,1991-12-17,16980,2017-03-10,HK Main,,,Listed company,www.ptcorp.com.hk,31-Mar
00378,FDG Kinetic Limited 五龍動力有限公司,Bermuda,1992-10-01,17709,2017-03-10,HK Main,,,Listed company,www.ciamgroup.com,31-Mar
00428,Cocoon Holdings Limited 中國天弓控股有限公司,Bermuda,1993-09-28,,2017-03-10,HK Main,,,Listed company,"www.cocoon.holdings
www.harmonyasset.com.hk (archived)
www.huge-china.com.hk (archived)",31-Dec
00430,ORIENTAL EXPLORER HOLDINGS LIMITED,Bermuda,1992-01-02,17029,2017-03-10,HK Main,,,Listed company,www.irasia.com/listco/hk/orientalexplorer,31-Dec
00572,Future World Financial Holdings Limited 未來世界金融控股有限公司,Cayman Islands,2002-10-21,,2017-03-11,HK Main,,,Listed company,www.fw-fh.com,31-Dec
00612,China Ding Yi Feng Holdings Limited 中國鼎益豐控股有限公司,Cayman Islands,2001-09-18,,2017-03-11,HK Main,,,Listed company,"www.cifund.com.hk
www.dyf.com.hk",31-Dec
00613,Planetree International Development Limited 梧桐國際發展有限公司,Bermuda,1993-06-08,18395,2017-03-10,HK Main,,,Listed company,"www.planetreeintl.com
www.yugang.com.hk",31-Dec
00666,SHK Hong Kong Industries Limited 新工投資有限公司,Hong Kong,1989-12-19,0268451,2020-01-06,HK Main,,Active,Listed company,www.ymi.com.hk,31-Dec
00718,Tai United Holdings Limited 太和控股有限公司,Bermuda,1995-08-18,21051,2017-03-11,HK Main,,,Listed company,www.irasia.com/listco/hk/taiunited/index.htm,31-Dec
00721,CHINA FINANCIAL INTERNATIONAL INVESTMENTS LIMITED 中國金融國際投資有限公司,Bermuda,2000-07-12,38343,2017-03-11,HK Main,,,Listed company,www.irasia.com/listco/hk/cfii,30-Jun
00768,UBA INVESTMENTS LIMITED,Cayman Islands,1999-11-04,,2017-03-10,HK Main,,,Listed company,www.uba.com.hk,31-Mar
00770,SHANGHAI INTERNATIONAL SHANGHAI GROWTH INVESTMENT LIMITED,Cayman Islands,1993-08-09,,2017-03-10,HK Main,,,Listed company,shanghaigrowth.etnet.com.hk,31-Dec
00806,Value Partners Group Limited 惠理集團有限公司,Cayman Islands,2006-11-10,,2017-03-10,HK Main,,,Listed company,www.valuepartnersgroup.com.hk,31-Dec
00810,CHINA INTERNET INVESTMENT FINANCE HOLDINGS LIMITED 中國互聯網投資金融集團有限公司,Bermuda,2001-09-14,39513,2017-03-10,HK Main,,,Listed company,www.irasia.com/listco/hk/cii810,31-Dec
00851,Sheng Yuan Holdings Limited 盛源控股有限公司,Bermuda,1998-10-20,25590,2017-03-10,HK Main,,,Listed company,www.shengyuan.hk,31-Dec
00901,Eagle Ride Investment Holdings Limited 鷹力投資控股有限公司,Cayman Islands,2001-08-14,,2017-03-09,HK Main,,,Listed company,www.eaglerideinvestment.com,31-Dec
00905,Global Mastermind Capital Limited,Bermuda,1998-04-21,,2017-03-10,HK Main,,,Listed company,www.irasia.com/listco/hk/mastermindcap,31-Dec
00913,UNITY INVESTMENTS HOLDINGS LIMITED 合一投資控股有限公司,Cayman Islands,1999-03-05,,2017-03-10,HK Main,,,Listed company,"www.irasia.com/listco/hk/unity
www.unity913.com",31-Dec
01041,Lamtex Holdings Limited 林達控股有限公司,Bermuda,1994-06-01,19524,2017-03-11,HK Main,,,Listed company,www.cnepgl.com,31-Dec
01051,G-Resources Group Limited 國際資源集團有限公司,Bermuda,1994-01-24,19067,2017-03-10,HK Main,,,Listed company,www.g-resources.com,31-Dec
01062,China Development Bank International Investment Limited 國開國際投資有限公司,Cayman Islands,2003-08-01,,2017-03-11,HK Main,,,Listed company,"www.cdb-intl.com
www.irasia.com/listco/hk/cdbintl",31-Dec
01140,OP Financial Limited,Cayman Islands,2002-07-26,,2017-03-10,HK Main,,,Listed company,www.opfin.com.hk,31-Mar
01160,Youth Champ Financial Group Holdings Limited 優創金融集團控股有限公司,Bermuda,2003-04-15,33546,2017-03-10,HK Main,,,Listed company,"www.grandinv.com
www.irasia.com/listco/hk/youthchamp",31-Mar
01191,China Gem Holdings Limited 中國中石控股有限公司,Bermuda,1994-06-29,19636,2017-03-10,HK Main,,,Listed company,www.1191hk.com,31-Dec
01217,China Innovation Investment Limited 中國創新投資有限公司,Cayman Islands,2002-02-07,,2017-03-11,HK Main,,,Listed company,www.1217.com.hk,31-Dec
01226,China Investment and Finance Group Limited 中國投融資集團有限公司,Cayman Islands,2002-04-26,,2017-03-11,HK Main,,,Listed company,"www.chnif.com.hk
www.chnif.com (archived)",31-Mar
01227,National Investments Fund Limited 國盛投資基金有限公司,Cayman Islands,2002-06-28,,2017-03-10,HK Main,,,Listed company,www.nif-hk.com,31-Dec
01359,"CHINA CINDA ASSET MANAGEMENT CO., LTD. 中國信達資產管理股份有限公司",The People's Republic of China,1999-04-19,,2017-03-11,HK Main,,,Listed company,www.cinda.com.cn,31-Dec
01835,"Shanghai Realway Capital Assets Management Co., Ltd. 上海瑞威資產管理股份有限公司",The People's Republic of China,2010-01-12,,,HK Main,,,Listed company,www.realwaycapital.com,31-Dec
01911,CHINA RENAISSANCE HOLDINGS LIMITED 華興資本控股有限公司,Cayman Islands,2011-07-13,,,HK Main,,,Listed company,www.huaxing.com,31-Dec
02277,Huarong Investment Stock Corporation Limited 華融投資股份有限公司,Cayman Islands,2014-07-15,,2017-03-11,HK Main,,,Listed company,www.hriv.com.hk,31-Dec
02312,China Financial Leasing Group Limited 中國金融租賃集團有限公司,Cayman Islands,2002-05-14,,2017-03-11,HK Main,,,Listed company,www.cflg.com.hk,31-Dec
02324,Capital VC Limited 首都創投有限公司,Cayman Islands,2002-11-13,,2017-03-11,HK Main,,,Listed company,www.capital-vc.com,30-Sep
02799,"China Huarong Asset Management Co., Ltd. 中國華融資產管理股份有限公司",The People's Republic of China,1999-11-01,,2017-03-11,HK Main,,,Listed company,www.chamc.com.cn,31-Dec
02823,iShares FTSE A50 China Index ETF,Hong Kong,,,,,,,Unit trust,www.ishares.com.hk,31-Dec
02828,Hang Seng China Enterprises Index ETF,Hong Kong,2003-11-19,,,,,,Unit trust,,31-Dec
02833,Hang Seng Index ETF,Hong Kong,2004-09-13,,,,,,Unit trust,,31-Dec
00033,China Cloud Copper Company Limited 中國雲銅股份有限公司,Cayman Islands,2007-03-20,,2017-03-09,HK Main,,,Listed company,www.aifgroup.com,31-Dec
00056,ALLIED PROPERTIES (H.K.) LIMITED 聯合地產(香港)有限公司,Hong Kong,1960-07-18,0006095,2019-12-30,HK Main,,Active,Listed company,www.alliedproperties.com.hk,31-Dec
00086,SUN HUNG KAI & CO. LIMITED 新鴻基有限公司,Hong Kong,1983-04-29,0123905,2020-01-15,HK Main,,Active,Listed company,"www.shkco.com
www.shkdirect.com
www.shkf.com
www.shkfg.com
www.shkfinance.com.hk
www.shkprivate.com
www.uaf.com.cn
www.uaf.com.hk",31-Dec
00109,Good Resources Holdings Limited 天成國際集團控股有限公司,Bermuda,1997-10-16,23982,2017-03-10,HK Main,,,Listed company,www.hkex109.hk,30-Jun
00172,GOLDBOND GROUP HOLDINGS LIMITED 金榜集團控股有限公司,Hong Kong,1964-03-10,0009827,2020-01-03,HK Main,,Active,Listed company,"www.goldbondgroup.com
www.irasia.com/listco/hk/goldbondgroup",31-Mar
00211,STYLAND HOLDINGS LIMITED,Bermuda,1991-07-31,16662,2017-03-10,HK Main,,,Listed company,"www.irasia.com/listco/hk/styland
www.styland.com",31-Mar
00221,Easy One Financial Group Limited 易易壹金融集團有限公司,Bermuda,2002-07-24,,2017-03-09,HK Main,,,Listed company,www.pngresources.com,31-Mar
00318,Vongroup Limited,Cayman Islands,2001-06-26,,2017-03-10,HK Main,,,Listed company,www.thevongroup.com,30-Apr
00335,UPBEST GROUP LIMITED,Cayman Islands,2000-07-28,,2017-03-10,HK Main,,,Listed company,www.upbest.com,31-Mar
00373,ALLIED GROUP LIMITED (HK) 聯合集團有限公司,Hong Kong,1972-12-15,0030975,2019-12-30,HK Main,,Active,Listed company,www.alliedgroup.com.hk,31-Dec
00379,"China Ever Grand Financial Leasing Group Co., Ltd. 中國恒嘉融資租賃集團有限公司",Cayman Islands,2002-02-27,,2017-03-10,HK Main,,,Listed company,www.egichk.com,31-Dec
00388,HONG KONG EXCHANGES AND CLEARING LIMITED 香港交易及結算所有限公司,Hong Kong,1999-07-08,0681388,2019-10-23,HK Main,,Active,Listed company,"www.hkex-is.hk
www.hkex.com.hk
www.hkexgroup.com",31-Dec
00397,Power Financial Group Limited 權威金融集團有限公司,Bermuda,1992-05-04,17362,2017-03-11,HK Main,,,Listed company,"www.powerfinancial.com.hk
www.junyangfinancial.com (archived)",31-Dec
00412,China Shandong Hi-Speed Financial Group Limited 中國山東高速金融集團有限公司,Bermuda,1992-02-10,17135,2017-03-11,HK Main,,,Listed company,www.csfg.com.hk,31-Dec
00474,Hao Tian Development Group Limited 昊天發展集團有限公司,Cayman Islands,2005-09-30,155720,2017-03-10,HK Main,,,Listed company,www.haotianhk.com,31-Mar
00530,Goldin Financial Holdings Limited,Bermuda,1992-05-11,17382,2017-03-10,HK Main,,,Listed company,www.goldinfinancial.com,30-Jun
00559,DeTai New Energy Group Limited 德泰新能源集團有限公司,Bermuda,1996-06-11,22033,2017-03-09,HK Main,,,Listed company,www.detai-group.com,30-Jun
00605,China Financial Services Holdings Limited 中國金融投資管理有限公司,Hong Kong,1992-07-28,0370656,2019-12-13,HK Main,,Active,Listed company,www.cfsh.com.hk,31-Dec
00622,Oshidori International Holdings Limited,Bermuda,1991-07-26,16655,2017-03-10,HK Main,,,Listed company,"www.enerchina.com.hk
www.irasia.com/listco/hk/enerchina
www.oshidoriinternational.com",31-Dec
00628,"Gome Finance Technology Co., Ltd. 國美金融科技有限公司",Bermuda,2002-03-14,31836,2017-03-10,HK Main,,,Listed company,www.gomejr.com,31-Dec
00668,Doyen International Holdings Limited 東銀國際控股有限公司,Hong Kong,1990-07-10,0282285,2019-12-20,HK Main,,Active,Listed company,www.doyenintl.com,31-Dec
00730,SHOUGANG CONCORD GRAND (GROUP) LIMITED,Bermuda,1991-05-09,16503,2017-03-10,HK Main,,,Listed company,www.shougang-grand.com.hk,31-Dec
00736,China Properties Investment Holdings Limited,Bermuda,1992-07-22,17546,2017-03-11,HK Main,,,Listed company,www.736.com.hk,31-Mar
00764,Eternity Investment Limited 永恒策略投資有限公司,Bermuda,1999-10-29,27235,2017-03-10,HK Main,,,Listed company,www.eternityinv.com.hk,31-Dec
00766,Sino Prosper (Group) Holdings Limited 中盈(集團)控股有限公司,Cayman Islands,2001-10-26,,2017-03-10,HK Main,,,Listed company,www.sinoprosper.com,31-Mar
00767,Asia Pacific Silk Road Investment Company Limited 亞太絲路投資有限公司,Bermuda,1994-05-09,19444,2017-03-10,HK Main,,,Listed company,"www.irasia.com/listco/hk/pphl
www.pphl.com.hk (archived)",31-Dec
00900,AEON CREDIT SERVICE (ASIA) COMPANY LIMITED AEON信貸財務(亞洲)有限公司,Hong Kong,1990-02-23,0271925,2019-12-31,HK Main,,Active,Listed company,www.aeon.com.hk,28-Feb
00986,China Environmental Energy Investment Limited 中國環保能源投資有限公司,Bermuda,1993-11-03,18818,2017-03-11,HK Main,,,Listed company,www.986.com.hk,31-Mar
00993,Huarong International Financial Holdings Limited 華融國際金融控股有限公司,Bermuda,1993-11-18,18849,2017-03-11,HK Main,,,Listed company,www.hrif.com.hk,31-Dec
00997,Chinlink International Holdings Limited,Bermuda,1999-10-29,27236,2017-03-11,HK Main,,,Listed company,www.chinlinkint.com,31-Mar
01019,Convoy Global Holdings Limited 康宏環球控股有限公司,Cayman Islands,2010-03-12,,2017-03-11,HK Main,,,Listed company,www.convoy.com.hk,31-Dec
01220,ZHIDAO INTERNATIONAL (HOLDINGS) LIMITED,Bermuda,1997-05-15,23347,2017-03-10,HK Main,,,Listed company,www.zdihl.com,31-Mar
01260,Wonderful Sky Financial Group Holdings Limited 皓天財經集團控股有限公司,Cayman Islands,2011-01-12,,2017-03-10,HK Main,,,Listed company,www.wsfg.hk,31-Mar
01273,Hong Kong Finance Group Limited 香港信貸集團有限公司,Cayman Islands,2013-02-06,,2017-03-10,HK Main,,,Listed company,www.hkfinance.hk,31-Mar
01290,China Huirong Financial Holdings Limited 中國匯融金融控股有限公司,Cayman Islands,2011-11-11,,2017-03-11,HK Main,,,Listed company,www.cnhuirong.com,31-Dec
01319,Oi Wah Pawnshop Credit Holdings Limited 靄華押業信貸控股有限公司,Cayman Islands,2012-06-05,,2017-03-10,HK Main,,,Listed company,www.pawnshop.com.hk,28-Feb
01543,"Guangdong Join-Share Financing Guarantee Investment Co., Ltd. 廣東中盈盛達融資擔保投資股份有限公司",The People's Republic of China,2003-05-23,,2017-03-11,HK Main,,,Listed company,www.join-share.com,31-Dec
01563,"International Alliance Financial Leasing Co., Ltd. 國際友聯融資租賃有限公司",Cayman Islands,2015-01-19,,,HK Main,,,Listed company,www.iaf-leasing.com,31-Dec
01572,China Art Financial Holdings Limited 中國藝術金融控股有限公司,Cayman Islands,2015-11-02,,2017-03-10,HK Main,,,Listed company,www.cnartfin.com.hk,31-Dec
01577,"Quanzhou Huixin Micro-credit Co., Ltd 泉州匯鑫小額貸款股份有限公司",The People's Republic of China,2010-01-08,,2017-03-10,HK Main,,,Listed company,www.qzhuixin.net,31-Dec
01606,"CHINA DEVELOPMENT BANK FINANCIAL LEASING CO., LTD. 國銀金融租賃股份有限公司",The People's Republic of China,1984,,2017-03-11,HK Main,,,Listed company,www.cdb-leasing.com,31-Dec
01669,Global International Credit Group Limited 環球信貸集團有限公司,Cayman Islands,2014-01-20,,2017-03-10,HK Main,,,Listed company,www.gic.com.hk,31-Dec
01697,"Shandong International Trust Co., Ltd. 山東省國際信託股份有限公司",The People's Republic of China,1987-03-10,,2017-03-10,HK Main,,,Listed company,www.sitic.com.cn,31-Dec
01806,Huifu Limited 匯付天下有限公司,Cayman Islands,2017-12-21,,,HK Main,,,Listed company,www.huifu.com,31-Dec
01905,"Haitong UniTrust International Leasing Co., Ltd. 海通恆信國際租賃股份有限公司",The People's Republic of China,2004-07,,,HK Main,,,Listed company,www.utfinancing.com,31-Dec
01915,Yangzhou Guangling District Taihe Rural Micro-finance Company Limited 揚州市廣陵區泰和農村小額貸款股份有限公司,The People's Republic of China,2008-11-12,,2017-03-11,HK Main,,,Listed company,www.gltaihe.com,31-Dec
02003,VCREDIT HOLDINGS LIMITED 維信金科控股有限公司,Cayman Islands,2007-07-24,,,HK Main,,,Listed company,www.vcredit.com,31-Dec
02051,51 Credit Card Inc. 51 信用卡有限公司,Cayman Islands,2017-09-20,,,HK Main,,,Listed company,www.u51.com,31-Dec
02666,Genertec Universal Medical Group Company Limited 通用環球醫療集團有限公司,Hong Kong,2012-04-19,1732774,2020-01-05,HK Main,,Active,Listed company,www.universalmsm.com,31-Dec
02718,"Shanghai Dongzheng Automotive Finance Co., Ltd. 上海東正汽車金融股份有限公司",The People's Republic of China,2015-03-11,,,HK Main,,,Listed company,www.dongzhengafc.com,31-Dec
00064,GET NICE HOLDINGS LIMITED 結好控股有限公司,Cayman Islands,2001-01-23,,2017-03-10,HK Main,,,Listed company,www.getnice.com.hk,31-Mar
00111,Cinda International Holdings Limited 信達國際控股有限公司,Bermuda,2000-04-19,28256,2017-03-11,HK Main,,,Listed company,www.cinda.com.hk,31-Dec
00188,Sunwah Kingsway Capital Holdings Limited 新華滙富金融控股有限公司,Bermuda,2000-05-17,28471,2017-03-10,HK Main,,,Listed company,www.kingswaygroup.com,30-Jun
00218,SHENWAN HONGYUAN (H.K.) LIMITED 申萬宏源(香港)有限公司,Hong Kong,1972-08-18,0029159,2020-01-03,HK Main,,Active,Listed company,www.swhyhk.com,31-Dec
00227,FIRST SHANGHAI INVESTMENTS LIMITED 第一上海投資有限公司,Hong Kong,1964-07-07,0010364,2019-12-25,HK Main,,Active,Listed company,www.firstshanghai.com.hk,31-Dec
00231,Ping An Securities Group (Holdings) Limited 平安證劵集團(控股)有限公司,Bermuda,1989-04-10,14501,2017-03-10,HK Main,,,Listed company,www.pingansecgp.com,31-Dec
00245,China Minsheng Financial Holding Corporation Limited 中國民生金融控股有限公司,Hong Kong,1972-08-11,0029032,2019-12-13,HK Main,,Active,Listed company,www.cm-fin.com,31-Dec
00263,GT GROUP HOLDINGS LIMITED 高富集團控股有限公司,Hong Kong,1987-09-11,0198659,2019-12-28,HK Main,,Active,Listed company,www.gtghl.com,31-Dec
00279,Freeman FinTech Corporation Limited 民眾金融科技控股有限公司,Cayman Islands,1992-08-14,43978,2017-03-12,HK Main,,,Listed company,"www.freeman279.com
www.freemansec.com",31-Mar
00290,China Fortune Financial Group Limited 中國富強金融集團有限公司,Cayman Islands,2001-01-02,,2017-03-11,HK Main,,,Listed company,www.290.com.hk,31-Mar
00376,Yunfeng Financial Group Limited 雲鋒金融集團有限公司,Hong Kong,1982-08-04,0115021,2020-01-03,HK Main,,Active,Listed company,www.yff.com,31-Dec
00510,CASH FINANCIAL SERVICES GROUP LIMITED,Bermuda,2000-08-09,28939,2017-03-11,HK Main,,,Listed company,"www.cashon-line.com
www.cfsg.com.hk",31-Dec
00585,IMAGI INTERNATIONAL HOLDINGS LIMITED (BM) 意馬國際控股有限公司,Bermuda,1997-01-17,22857,2017-03-10,HK Main,,,Listed company,www.imagi.com.hk,31-Dec
00619,South China Financial Holdings Limited 南華金融控股有限公司,Hong Kong,1988-04-29,0215015,2020-01-07,HK Main,,Active,Listed company,www.sctrade.com,31-Dec
00665,Haitong International Securities Group Limited 海通國際證券集團有限公司,Bermuda,1996-05-07,21911,2017-03-10,HK Main,,,Listed company,www.htisec.com,31-Dec
00717,Emperor Capital Group Limited 英皇證劵集團有限公司,Bermuda,2006-06-27,38590,2017-03-10,HK Main,,,Listed company,www.emperorcapital.com,30-Sep
00804,Pinestone Capital Limited 鼎石資本有限公司,Cayman Islands,2015-01-14,,2017-03-10,HK Main,,,Listed company,www.pinestone.com.hk,31-Dec
00812,Southwest Securities International Securities Limited,Bermuda,1998-09-03,25422,2017-03-11,HK Main,,,Listed company,www.swsc.hk,31-Dec
00821,VALUE CONVERGENCE HOLDINGS LIMITED 滙盈控股有限公司,Hong Kong,1999-09-24,0689407,2019-12-13,HK Main,,Active,Listed company,www.vcgroup.com.hk,31-Dec
00952,China Tonghai International Financial Limited 中國通海國際金融有限公司,Bermuda,1997-07-30,23663,2017-03-10,HK Main,,,Listed company,"www.oceanwidefinancial.com
www.tonghaifinancial.com
www.quamcapital.com (archived)
www.quamdirect.com (archived)
www.quamfunds.com (archived)
www.quamir.com (archived)
www.quamlimited.com (archived)
www.quamnet.com (archived)
www.quamnet.com.cn (archived)
www.quamprivatewealth.com (archived)
www.quamsecurities.com (archived)",31-Dec
01031,Kingston Financial Group Limited 金利豐金融集團有限公司,Bermuda,1996-04-10,21831,2017-03-10,HK Main,,,Listed company,www.kingston.com .hk,31-Mar
01073,Da Yu Financial Holdings Limited 大禹金融控股有限公司,Cayman Islands,1999-09-09,,2017-03-11,HK Main,,Compulsory wind-up,Listed company,"www.irasia.com/listco/hk/chinaagrotech
www.chinagrotech.com (archived)",31-Dec
01141,CMBC Capital Holdings Limited 民銀資本控股有限公司,Bermuda,1997-12-11,24224,2017-03-11,HK Main,,,Listed company,"www.cmbccap.com
www.ssgroup.hk (archived)",31-Dec
01375,"Central China Securities Co., Ltd. 中原證券股份有限公司",The People's Republic of China,2002-11-08,,2017-03-11,HK Main,,,Listed company,www.ccnew.com,31-Dec
01428,Bright Smart Securities & Commodities Group Limited 耀才證券金融集團有限公司,Cayman Islands,2009-08-04,,2017-03-11,HK Main,,,Listed company,www.bsgroup.com.hk,31-Mar
01456,"Guolian Securities Co., Ltd. 國聯證券股份有限公司",The People's Republic of China,1992-11-19,,2017-03-11,HK Main,,,Listed company,www.glsc.com.cn,31-Dec
01461,LUZHENG FUTURES Company Limited 魯証期貨股份有限公司,The People's Republic of China,2012-12-10,,2017-03-11,HK Main,,,Listed company,www.luzhengqh.com,31-Dec
01469,Get Nice Financial Group Limited 結好金融集團有限公司,Cayman Islands,2015-08-31,,2017-03-10,HK Main,,,Listed company,www.getnicefg.com.hk,31-Mar
01476,"HENGTAI SECURITIES CO., LTD 恒泰證券股份有限公司",The People's Republic of China,1998-12-28,,2017-03-11,HK Main,,,Listed company,www.cnht.com.cn,31-Dec
01776,"GF Securities Co., Ltd. 廣發証券股份有限公司",The People's Republic of China,1996-12-26,,2017-03-10,HK Main,,,Listed company,www.gf.com.cn,31-Dec
01788,Guotai Junan International Holdings Limited 國泰君安國際控股有限公司,Hong Kong,2010-03-08,1427415,2019-10-24,HK Main,,Active,Listed company,www.gtja.com.hk,31-Dec
02611,"GUOTAI JUNAN SECURITIES CO., LTD. 國泰君安証券股份有限公司",The People's Republic of China,1999-08-18,,2017-03-11,HK Main,,,Listed company,www.gtja.com,31-Dec
02680,Innovax Holdings Limited 創陞控股有限公司,Cayman Islands,2016-06-14,,,HK Main,,,Listed company,www.innovax.hk,28-Feb
03329,BOCOM International Holdings Company Limited 交銀國際控股有限公司,Hong Kong,1998-06-03,0646276,2020-01-15,HK Main,AFE334,Active,Listed company,www.bocomgroup.com,31-Dec
03678,"Holly Futures Co., Ltd. 弘業期貨股份有限公司",The People's Republic of China,2012-11-29,,2017-03-11,HK Main,,,Listed company,www.ftol.com.cn,31-Dec
03908,China International Capital Corporation Limited 中國國際金融股份有限公司,The People's Republic of China,1995-07-31,,2017-03-11,HK Main,,,Listed company,www.cicc.com,31-Dec
03938,LFG Investment Holdings Limited LFG 投資控股有限公司,Cayman Islands,2018-06-21,,,HK Main,,,Listed company,www.legogroup.hk,31-Mar
03958,Orient Securities Company Limited 東方證券股份有限公司,The People's Republic of China,1997-12-10,,,HK Main,,,Listed company,www.dfzq.com.cn,31-Dec
06030,CITIC Securities Company Limited 中信証券股份有限公司,The People's Republic of China,1999-10-25,,2017-03-11,HK Main,,,Listed company,www.cs.ecitic.com,31-Dec
06058,China Industrial Securities International Financial Group Limited 興證國際金融集團有限公司,Cayman Islands,2015-07-21,,2017-03-11,HK GEM,,,Listed company,www.xyzq.com.hk,31-Dec
06066,"CSC Financial Co., Ltd. 中信建投証券股份有限公司",The People's Republic of China,2005-11-02,,2017-03-11,HK Main,,,Listed company,www.csc108.com,31-Dec
06099,"China Merchants Securities Co., Ltd. 招商證券股份有限公司",The People's Republic of China,1993-08,,2017-03-11,HK Main,,,Listed company,www.newone.com.hk,31-Dec
06178,Everbright Securities Company Limited 光大證券股份有限公司,The People's Republic of China,1996-04-23,,2017-03-10,HK Main,,,Listed company,www.ebscn.com,31-Dec
06806,"Shenwan Hongyuan Group Co., Ltd. 申萬宏源集團股份有限公司",The People's Republic of China,1996-09-16,,,HK Main,,,Listed company,www.swhygh.com,31-Dec
06837,"Haitong Securities Co., Ltd. 海通證券股份有限公司",The People's Republic of China,1988-08-30,,2017-03-10,HK Main,,,Listed company,www.htsec.com,31-Dec
06881,"China Galaxy Securities Co., Ltd. 中國銀河証券股份有限公司",The People's Republic of China,2007-01-26,,2017-03-11,HK Main,,,Listed company,www.chinastock.com.cn,31-Dec
06886,"Huatai Securities Co., Ltd. 華泰證券股份有限公司",The People's Republic of China,1991-04-09,,2017-03-10,HK Main,,,Listed company,www.htsc.com.cn,31-Dec
08001,ORIENT SECURITIES INTERNATIONAL HOLDINGS LIMITED 東方滙財證券國際控股有限公司,Cayman Islands,2009-01-05,,2017-03-10,HK GEM,,,Listed company,www.orientsec.com.hk,31-Dec
08098,CL Group (Holdings) Limited 昌利(控股)有限公司,Cayman Islands,2010-08-27,,2017-03-11,HK GEM,,,Listed company,www.cheongleesec.com.hk,31-Mar
08210,DLC Asia Limited 衍匯亞洲有限公司,Cayman Islands,2017-11-01,,,HK GEM,,,Listed company,www.derivaasia.com,31-Mar
