CompanyCode,Type,Market,Code,List,Last trade,Delist,Notes
00005,Ordinary shares,HK Main,0005,,,,
00005,"Ordinary, GBP",HK Main,0150,,1999-07-02,1999-07-05,Converted to ord
00005,Nil-paid rights 2009-04-0,HK Main,2997,2009-03-23,2009-03-31,2009-04-01,Expired
00011,Ordinary shares,HK Main,0011,1972-06-20,,,
00011,Note/bond 2017-0,HK Main,1602,2007-07-06,2012-07-17,2012-07-23,Redeemed
00023,Ordinary shares,HK Main,0023,1939-01-01,,,
00023,Note/bond,HK Main,5583,2015-12-03,,,
00023,Note/bond,HK Main,5204,2017-05-19,,,
00023,Note/bond,HK Main,6020,2019-09-20,,,
00023,Note/bond 2024-11-2,HK Main,5833,2014-11-21,2019-11-25,2019-11-29,Redeemed
00023,Note/bond 2026-11-0,HK Main,5902,2016-11-04,,,
00416,PRC ordinary shares listed in HK,HK Main,0416,2015-12-07,,,
00416,Preference,HK Main,4615,2017-10-30,,,
00440,Ordinary shares,HK Main,0440,1987-11-05,,,
00440,Nil-paid rights 2010-12-1,HK Main,2954,2010-11-30,2010-12-07,2010-12-08,Expired
00440,Nil-paid rights 2014-04-2,HK Main,2991,2014-04-09,2014-04-16,2014-04-17,Expired
00626,Ordinary shares,HK Main,0626,1991-10-03,,,
00626,Warrant 1994-12-3,HK Main,0627,1991-10-03,1994-12-23,1995-01-03,Expired
00626,Nil-paid rights 2006-04-0,HK Main,2942,2006-03-21,2006-03-29,2006-03-30,Expired
00939,PRC ordinary shares listed in HK,HK Main,0939,2005-10-27,,,
00939,A-share,Shang,601939,2007-09-25,,,
00939,Preference,HK Main,4606,2015-12-17,,,
00939,Nil-paid rights 2010-12-0,HK Main,2948,2010-11-23,2010-12-03,2010-12-06,Expired
00939,Note/bond 2019-09-3,HK Main,4564,2016-10-03,2019-09-25,2019-10-02,Expired
00939,Note/bond 2020-01-2,HK Main,5860,2015-01-21,2020-01-15,2020-01-21,Expired
00939,Note/bond 2020-05-3,HK Main,5212,2017-06-01,,,
00939,Note/bond 2020-12-0,HK Main,5049,2017-12-05,,,
00939,Note/bond 2020-12-0,HK Main,5051,2017-12-05,,,
00939,Note/bond 2021-06-0,HK Main,5111,2018-06-11,,,
00939,Note/bond 2021-09-2,HK Main,5173,2018-09-26,,,
00939,Note/bond 2021-10-2,HK Main,5711,2016-10-24,,,
00939,Note/bond 2022-06-1,HK Main,5217,2017-06-14,,,
00939,Note/bond 2022-10-2,HK Main,40027,2019-10-23,,,
00939,Note/bond 2022-12-0,HK Main,5050,2017-12-05,,,
00939,Note/bond 2023-06-0,HK Main,5112,2018-06-11,,,
00939,Note/bond 2024-10-2,HK Main,40035,2019-10-25,,,
00939,Note/bond 2024-11-1,HK Main,85998,2014-11-13,2019-11-15,2019-11-21,Redeemed
00939,Note/bond 2025-05-1,HK Main,5514,2015-05-14,,,
00939,Note/bond 2029-02-2,HK Main,5802,2019-02-28,,,
00998,PRC ordinary shares listed in HK,HK Main,0998,2007-04-27,,,
00998,A-share,Shang,601998,2007-04-27,,,
00998,Nil-paid rights 2011-07-2,HK Main,2940,2011-07-13,2011-07-20,2011-07-21,Expired
00998,Note/bond 2017-02-2,HK Main,85949,2014-02-28,2017-02-22,2017-02-28,Expired
00998,Note/bond 2020-12-1,HK Main,5066,2017-12-15,,,
00998,Note/bond 2020-12-1,HK Main,5068,2017-12-15,,,
00998,Note/bond 2022-12-1,HK Main,5067,2017-12-15,,,
00998,Note/bond 2022-12-1,HK Main,5069,2017-12-15,,,
01111,Ordinary shares,HK Main,1111,1994-07-11,,,
01111,Nil-paid rights 2015-09-1,HK Main,2982,2015-09-04,2015-09-11,2015-09-14,Expired
01111,Nil-paid rights 2018-09-1,HK Main,2975,2018-09-04,2018-09-11,2018-09-12,Expired
01111,Note/bond,HK Main,5804,2014-09-26,2019-09-30,2019-10-08,Redeemed
01111,Note/bond,HK Main,4419,2019-07-16,,,
01111,Note/bond 2016-12-1,HK Main,1510,2006-12-18,2012-01-04,2012-01-10,Redeemed
01111,Note/bond 2020-11-0,HK Main,4327,2010-11-05,,,
01111,Note/bond 2027-07-2,HK Main,5249,2017-07-27,,,
01216,PRC ordinary shares listed in HK,HK Main,1216,2017-07-19,,,
01216,Preference,HK Main,4617,2018-11-22,,,
01288,PRC ordinary shares listed in HK,HK Main,1288,2010-07-16,,,
01288,A-share,Shang,601288,2010-07-15,,,
01288,Note/bond 2017-10-1,HK Main,5813,2014-10-17,2017-10-11,2017-10-17,Expired
01288,Note/bond 2017-12-0,HK Main,5852,2014-12-10,2017-12-06,2017-12-12,Expired
01288,Note/bond 2018-12-1,HK Main,6001,2013-12-11,2018-12-05,2018-12-11,Expired
01288,Note/bond 2019-05-1,HK Main,5657,2016-06-03,2019-05-10,2019-05-17,Expired
01288,Note/bond 2019-05-1,HK Main,5658,2016-06-03,2019-05-10,2019-05-17,Expired
01288,Note/bond 2019-12-0,HK Main,5322,2016-12-08,2019-12-04,2019-12-10,Expired
01288,Note/bond 2020-09-1,HK Main,5277,2017-09-20,,,
01288,Note/bond 2021-06-2,HK Main,5677,2016-06-22,,,
01288,Note/bond 2021-09-1,HK Main,5168,2018-09-20,,,
01288,Note/bond 2021-09-1,HK Main,5169,2018-09-20,,,
01288,Note/bond 2021-11-0,HK Main,5025,2018-11-08,,,
01288,Note/bond 2022-07-3,HK Main,5609,2019-07-31,,,
01288,Note/bond 2023-11-0,HK Main,5028,2018-11-08,,,
01398,PRC ordinary shares listed in HK,HK Main,1398,2006-10-27,,,
01398,A-share,Shang,601398,2006-10-27,,,
01398,Preference,HK Main,4603,2014-12-11,2019-12-10,2019-12-12,Redeemed
01398,Preference,HK Main,4604,2014-12-11,,,
01398,Preference,HK Main,84602,2014-12-11,2019-12-10,2019-12-12,Redeemed
01398,Nil-paid rights 2010-12-1,HK Main,2951,2010-12-01,2010-12-13,2010-12-14,Expired
01398,Note/bond 2017-03-0,HK Main,5706,2014-03-04,2017-02-28,2017-03-06,Expired
01398,Note/bond 2019-05-2,HK Main,5653,2016-05-24,2019-05-20,2019-05-24,Expired
01398,Note/bond 2019-12-0,HK Main,5318,2016-12-05,2019-11-27,2019-12-03,Expired
01398,Note/bond 2020-02-2,HK Main,5373,2017-02-22,,,
01398,Note/bond 2020-03-1,HK Main,5401,2017-03-14,,,
01398,Note/bond 2020-06-2,HK Main,5225,2017-06-28,,,
01398,Note/bond 2020-09-1,HK Main,85906,2019-09-17,,,
01398,Note/bond 2021-09-1,HK Main,6012,2019-09-17,,,
01398,Note/bond 2021-12-0,HK Main,4529,2011-12-08,,,
01398,Note/bond 2022-02-2,HK Main,5374,2017-02-22,,,
01398,Note/bond 2022-02-2,HK Main,5375,2017-02-22,,,
01398,Note/bond 2022-06-2,HK Main,5226,2017-06-28,,,
01398,Note/bond 2022-09-1,HK Main,6010,2019-09-17,,,
01398,Note/bond 2022-09-1,HK Main,6013,2019-09-17,,,
01398,Note/bond 2024-02-2,HK Main,85955,2014-03-20,,,
01398,Note/bond 2024-09-1,HK Main,6008,2019-09-17,,,
01398,Note/bond 2025-09-2,HK Main,5566,2015-09-22,,,
01551,PRC ordinary shares listed in HK,HK Main,1551,2017-06-20,,,
01551,Preference,HK Main,4618,2019-06-21,,,
01578,PRC ordinary shares listed in HK,HK Main,1578,2016-03-30,,,
01658,PRC ordinary shares listed in HK,HK Main,1658,2016-09-28,,,
01658,A-share,Shang,601658,2019-12-10,,,
01658,Preference,HK Main,4612,2017-09-28,,,
01916,PRC ordinary shares listed in HK,HK Main,1916,2018-06-26,,,
01963,PRC ordinary shares listed in HK,HK Main,1963,2013-11-06,,,
01963,Preference,HK Main,4616,2017-12-21,,,
01983,PRC ordinary shares listed in HK,HK Main,1983,2018-12-17,,,
01988,PRC ordinary shares listed in HK,HK Main,1988,2009-11-26,,,
01988,A-share,Shang,600016,2000-12-19,,,
01988,Preference,HK Main,4609,2016-12-15,,,
01988,Note/bond 2018-05-2,HK Main,5518,2015-05-22,2018-05-16,2018-05-23,Expired
01988,Note/bond 2020-05-0,HK Main,4581,2017-05-08,,,
01988,Note/bond 2020-09-1,HK Main,5268,2017-09-12,,,
01988,Note/bond 2020-11-1,HK Main,5018,2017-11-16,,,
01988,Note/bond 2020-11-1,HK Main,5017,2017-11-16,,,
01988,Note/bond 2021-03-0,HK Main,4444,2018-03-12,,,
01988,Note/bond 2022-09-1,HK Main,5269,2017-09-12,,,
01988,Note/bond 2023-03-0,HK Main,4445,2018-03-12,,,
02016,PRC ordinary shares listed in HK,HK Main,2016,2016-03-30,,,
02016,A-share,Shang,601916,2019-11-26,,,
02016,Preference,HK Main,4610,2017-03-30,,,
02066,PRC ordinary shares listed in HK,HK Main,2066,2014-12-29,,,
02139,PRC ordinary shares listed in HK,HK Main,2139,2018-01-18,,,
02356,Ordinary shares,HK Main,2356,2004-06-30,,,
02356,Nil-paid rights 2010-12-1,HK Main,2955,2010-11-30,2010-12-14,2010-12-15,Expired
02356,Nil-paid rights 2014-04-3,HK Main,2993,2014-04-09,2014-04-25,2014-04-28,Expired
02388,Ordinary shares,HK Main,2388,2002-07-25,,,
02558,PRC ordinary shares listed in HK,HK Main,2558,2019-07-18,,,
02888,Ordinary shares,HK Main,2888,2002-10-31,,,
02888,Nil-paid rights,HK Main,2921,2015-11-25,2015-12-07,2015-12-08,Expired
02888,Nil-paid rights 2008-12-1,HK Main,2976,2008-12-02,2008-12-12,2008-12-15,Expired
02888,Nil-paid rights 2010-11-0,HK Main,2942,2010-10-25,2010-11-02,2010-11-03,Expired
02888,Note/bond,HK Main,5890,2015-04-08,,,
02888,Note/bond,HK Main,4305,2016-08-19,,,
02888,Note/bond,HK Main,5348,2017-01-19,,,
02888,Note/bond,HK Main,5986,2019-07-04,,,
02888,Note/bond 2018-06-0,HK Main,5526,2015-06-08,2018-05-31,2018-06-06,Expired
02888,Note/bond 2020-06-0,HK Main,5527,2015-06-08,,,
02888,Note/bond 2021-09-1,HK Main,4324,2016-09-19,,,
02888,Note/bond 2024-11-2,HK Main,5475,2018-12-07,,,
02888,Note/bond 2025-06-0,HK Main,5528,2015-06-08,,,
03328,PRC ordinary shares listed in HK,HK Main,3328,2005-06-23,,,
03328,A-share,Shang,601328,2007-05-15,,,
03328,Preference,HK Main,4605,2015-07-30,,,
03328,Nil-paid rights 2010-07-0,HK Main,2918,2010-06-28,2010-07-06,2010-07-07,Expired
03328,Note/bond 2016-0,HK Main,85954,2014-03-21,2016-03-16,2016-03-22,Expired
03328,Note/bond 2017-01-1,HK Main,6007,2014-01-16,2017-01-11,2017-01-17,Expired
03328,Note/bond 2018-01-1,HK Main,5856,2015-01-19,2018-01-11,2018-01-17,Expired
03328,Note/bond 2018-08-2,HK Main,5561,2015-08-24,2018-08-16,2018-08-22,Expired
03328,Note/bond 2019-01-2,HK Main,5609,2016-01-26,2019-01-22,2019-01-28,Expired
03328,Note/bond 2019-03-2,HK Main,5620,2016-03-22,2019-03-18,2019-03-22,Expired
03328,Note/bond 2019-04-2,HK Main,5729,2014-04-28,2019-04-18,2019-04-26,Expired
03328,Note/bond 2019-08-1,HK Main,5698,2016-08-17,2019-08-13,2019-08-19,Expired
03328,Note/bond 2020-02-2,HK Main,5376,2017-02-22,,,
03328,Note/bond 2020-05-1,HK Main,5202,2017-05-16,,,
03328,Note/bond 2020-05-1,HK Main,4495,2018-05-21,,,
03328,Note/bond 2020-08-2,HK Main,5560,2015-08-24,,,
03328,Note/bond 2020-12-0,HK Main,5046,2017-12-05,,,
03328,Note/bond 2021-03-2,HK Main,5621,2016-03-22,,,
03328,Note/bond 2021-03-2,HK Main,85741,2019-03-22,,,
03328,Note/bond 2021-05-1,HK Main,4493,2018-05-18,,,
03328,Note/bond 2022-03-2,HK Main,5912,2019-03-22,,,
03328,Note/bond 2022-05-1,HK Main,5203,2017-05-16,,,
03328,Note/bond 2022-12-0,HK Main,5047,2017-12-05,,,
03328,Note/bond 2023-03-0,HK Main,5909,2013-03-07,,,
03328,Note/bond 2023-05-1,HK Main,4494,2018-05-18,,,
03328,Note/bond 2024-03-2,HK Main,5914,2019-03-22,,,
03328,Note/bond 2024-10-0,HK Main,5808,2014-10-06,2019-10-08,2019-10-14,Redeemed
03328,Note/bond 2026-10-0,HK Main,5809,2014-10-06,,,
03618,PRC ordinary shares listed in HK,HK Main,3618,2010-12-16,,,
03618,A-share,Shang,601077,2019-10-29,,,
03698,PRC ordinary shares listed in HK,HK Main,3698,2013-11-12,,,
03698,Preference,HK Main,4608,2016-11-11,,,
03866,PRC ordinary shares listed in HK,HK Main,3866,2015-12-03,,,
03866,Preference,HK Main,4611,2017-09-20,,,
03968,PRC ordinary shares listed in HK,HK Main,3968,2006-09-22,,,
03968,A-share,Shang,600036,2002-04-09,,,
03968,Preference,HK Main,4614,2017-10-26,,,
03968,Nil-paid rights 2010-03-2,HK Main,2998,2010-03-17,2010-03-24,2010-03-25,Expired
03968,Nil-paid rights 2013-09-1,HK Main,2939,2013-09-09,2013-09-16,2013-09-17,Expired
03968,Note/bond 2017-04-1,HK Main,85957,2014-04-11,2017-04-05,2017-04-11,Expired
03968,Note/bond 2017-06-1,HK Main,5761,2014-06-13,2017-06-07,2017-06-13,Expired
03968,Note/bond 2018-05-1,HK Main,5515,2015-05-15,2018-05-09,2018-05-15,Expired
03968,Note/bond 2019-08-1,HK Main,5789,2014-08-12,2019-08-07,2019-08-13,Expired
03968,Note/bond 2020-06-1,HK Main,5219,2017-06-13,,,
03968,Note/bond 2021-06-0,HK Main,5108,2018-06-04,,,
03968,Note/bond 2021-09-2,HK Main,5178,2018-09-27,,,
03968,Note/bond 2022-06-1,HK Main,5079,2019-06-20,,,
03968,Note/bond 2023-09-2,HK Main,5179,2018-09-27,,,
03988,PRC ordinary shares listed in HK,HK Main,3988,2006-06-01,,,
03988,A-share,Shang,601988,2006-07-05,,,
03988,Preference,HK Main,4601,2014-10-24,2019-10-24,2019-10-25,Redeemed
03988,Nil-paid rights 2010-12-0,HK Main,2946,2010-11-18,2010-11-30,2010-12-01,Expired
03988,Note/bond 2015-0,HK Main,86029,2012-07-24,2015-07-20,2015-07-24,Expired
03988,Note/bond 2016-12-0,HK Main,6000,2013-12-09,2016-12-01,2016-12-07,Expired
03988,Note/bond 2017-01-1,HK Main,85942,2014-01-17,2017-01-11,2017-01-17,Expired
03988,Note/bond 2017-01-2,HK Main,6009,2014-01-24,2017-01-18,2017-01-24,Expired
03988,Note/bond 2017-11-2,HK Main,5837,2014-11-27,2017-11-22,2017-11-28,Expired
03988,Note/bond 2018-06-3,HK Main,5536,2015-07-02,2018-06-27,2018-07-04,Expired
03988,Note/bond 2018-07-1,HK Main,85724,2016-07-13,2018-07-09,2018-07-13,Expired
03988,Note/bond 2019-01-2,HK Main,6010,2014-01-24,2019-01-18,2019-01-24,Expired
03988,Note/bond 2019-03-0,HK Main,5615,2016-03-02,2019-02-26,2019-03-04,Expired
03988,Note/bond 2019-03-0,HK Main,5617,2016-03-02,2019-02-26,2019-03-04,Expired
03988,Note/bond 2019-03-0,HK Main,85730,2018-03-06,2019-02-28,2019-03-06,Expired
03988,Note/bond 2019-07-1,HK Main,5235,2017-07-12,2019-07-08,2019-07-12,Expired
03988,Note/bond 2019-11-2,HK Main,5838,2014-11-27,2019-11-21,2019-11-27,Expired
03988,Note/bond 2020-02-1,HK Main,5370,2017-02-15,,,
03988,Note/bond 2020-02-1,HK Main,5368,2017-02-15,,,
03988,Note/bond 2020-04-1,HK Main,85742,2019-04-18,,,
03988,Note/bond 2020-04-2,HK Main,5429,2017-04-21,,,
03988,Note/bond 2020-04-2,HK Main,5430,2017-04-21,,,
03988,Note/bond 2020-04-2,HK Main,85726,2017-04-21,,,
03988,Note/bond 2020-05-1,HK Main,5200,2017-05-12,,,
03988,Note/bond 2020-06-0,HK Main,5113,2018-06-08,,,
03988,Note/bond 2020-06-3,HK Main,5537,2015-07-02,,,
03988,Note/bond 2020-11-2,HK Main,5294,2018-11-21,,,
03988,Note/bond 2020-11-2,HK Main,5346,2018-11-21,,,
03988,Note/bond 2021-03-0,HK Main,5616,2016-03-02,,,
03988,Note/bond 2021-03-0,HK Main,85731,2018-03-06,,,
03988,Note/bond 2021-03-0,HK Main,4439,2018-03-09,,,
03988,Note/bond 2021-04-1,HK Main,4459,2018-04-18,,,
03988,Note/bond 2021-04-1,HK Main,4461,2018-04-18,,,
03988,Note/bond 2021-04-1,HK Main,4462,2018-04-18,,,
03988,Note/bond 2021-04-1,HK Main,5969,2019-04-18,,,
03988,Note/bond 2021-06-0,HK Main,5114,2018-06-08,,,
03988,Note/bond 2021-08-0,HK Main,5137,2018-08-10,,,
03988,Note/bond 2021-10-1,HK Main,85907,2019-10-17,,,
03988,Note/bond 2021-10-1,HK Main,40020,2019-10-17,,,
03988,Note/bond 2021-11-2,HK Main,5450,2018-11-21,,,
03988,Note/bond 2021-11-2,HK Main,85739,2018-11-21,,,
03988,Note/bond 2022-02-1,HK Main,5369,2017-02-15,,,
03988,Note/bond 2022-04-1,HK Main,5965,2019-04-18,,,
03988,Note/bond 2022-04-1,HK Main,5967,2019-04-18,,,
03988,Note/bond 2022-04-1,HK Main,85743,2019-04-18,,,
03988,Note/bond 2022-04-2,HK Main,5431,2017-04-21,,,
03988,Note/bond 2022-04-2,HK Main,5432,2017-04-21,,,
03988,Note/bond 2022-07-1,HK Main,5236,2017-07-12,,,
03988,Note/bond 2022-10-1,HK Main,5968,2019-04-18,,,
03988,Note/bond 2022-10-1,HK Main,40021,2019-10-18,,,
03988,Note/bond 2023-03-0,HK Main,4440,2018-03-09,,,
03988,Note/bond 2023-04-1,HK Main,4460,2018-04-18,,,
03988,Note/bond 2023-06-0,HK Main,5115,2018-06-08,,,
03988,Note/bond 2023-11-2,HK Main,5451,2018-11-21,,,
03988,Note/bond 2024-04-1,HK Main,5974,2019-04-18,,,
03988,Note/bond 2024-11-1,HK Main,5828,2014-11-14,,,
03988,Note/bond 2024-12-0,HK Main,40089,2019-12-06,,,
03988,Note/bond 2025-06-3,HK Main,5538,2015-07-02,,,
03988,Note/bond 2027-04-2,HK Main,5433,2017-04-21,,,
03988,Note/bond 2028-03-0,HK Main,4441,2018-03-09,,,
03988,Note/bond 2029-04-1,HK Main,5982,2019-04-18,,,
04605,PRC ordinary shares listed in HK,HK Main,3328,2005-06-23,,,
04605,A-share,Shang,601328,2007-05-15,,,
04605,Preference,HK Main,4605,2015-07-30,,,
04605,Nil-paid rights 2010-07-0,HK Main,2918,2010-06-28,2010-07-06,2010-07-07,Expired
04605,Note/bond 2016-0,HK Main,85954,2014-03-21,2016-03-16,2016-03-22,Expired
04605,Note/bond 2017-01-1,HK Main,6007,2014-01-16,2017-01-11,2017-01-17,Expired
04605,Note/bond 2018-01-1,HK Main,5856,2015-01-19,2018-01-11,2018-01-17,Expired
04605,Note/bond 2018-08-2,HK Main,5561,2015-08-24,2018-08-16,2018-08-22,Expired
04605,Note/bond 2019-01-2,HK Main,5609,2016-01-26,2019-01-22,2019-01-28,Expired
04605,Note/bond 2019-03-2,HK Main,5620,2016-03-22,2019-03-18,2019-03-22,Expired
04605,Note/bond 2019-04-2,HK Main,5729,2014-04-28,2019-04-18,2019-04-26,Expired
04605,Note/bond 2019-08-1,HK Main,5698,2016-08-17,2019-08-13,2019-08-19,Expired
04605,Note/bond 2020-02-2,HK Main,5376,2017-02-22,,,
04605,Note/bond 2020-05-1,HK Main,5202,2017-05-16,,,
04605,Note/bond 2020-05-1,HK Main,4495,2018-05-21,,,
04605,Note/bond 2020-08-2,HK Main,5560,2015-08-24,,,
04605,Note/bond 2020-12-0,HK Main,5046,2017-12-05,,,
04605,Note/bond 2021-03-2,HK Main,5621,2016-03-22,,,
04605,Note/bond 2021-03-2,HK Main,85741,2019-03-22,,,
04605,Note/bond 2021-05-1,HK Main,4493,2018-05-18,,,
04605,Note/bond 2022-03-2,HK Main,5912,2019-03-22,,,
04605,Note/bond 2022-05-1,HK Main,5203,2017-05-16,,,
04605,Note/bond 2022-12-0,HK Main,5047,2017-12-05,,,
04605,Note/bond 2023-03-0,HK Main,5909,2013-03-07,,,
04605,Note/bond 2023-05-1,HK Main,4494,2018-05-18,,,
04605,Note/bond 2024-03-2,HK Main,5914,2019-03-22,,,
04605,Note/bond 2024-10-0,HK Main,5808,2014-10-06,2019-10-08,2019-10-14,Redeemed
04605,Note/bond 2026-10-0,HK Main,5809,2014-10-06,,,
04606,PRC ordinary shares listed in HK,HK Main,0939,2005-10-27,,,
04606,A-share,Shang,601939,2007-09-25,,,
04606,Preference,HK Main,4606,2015-12-17,,,
04606,Nil-paid rights 2010-12-0,HK Main,2948,2010-11-23,2010-12-03,2010-12-06,Expired
04606,Note/bond 2019-09-3,HK Main,4564,2016-10-03,2019-09-25,2019-10-02,Expired
04606,Note/bond 2020-01-2,HK Main,5860,2015-01-21,2020-01-15,2020-01-21,Expired
04606,Note/bond 2020-05-3,HK Main,5212,2017-06-01,,,
04606,Note/bond 2020-12-0,HK Main,5049,2017-12-05,,,
04606,Note/bond 2020-12-0,HK Main,5051,2017-12-05,,,
04606,Note/bond 2021-06-0,HK Main,5111,2018-06-11,,,
04606,Note/bond 2021-09-2,HK Main,5173,2018-09-26,,,
04606,Note/bond 2021-10-2,HK Main,5711,2016-10-24,,,
04606,Note/bond 2022-06-1,HK Main,5217,2017-06-14,,,
04606,Note/bond 2022-10-2,HK Main,40027,2019-10-23,,,
04606,Note/bond 2022-12-0,HK Main,5050,2017-12-05,,,
04606,Note/bond 2023-06-0,HK Main,5112,2018-06-11,,,
04606,Note/bond 2024-10-2,HK Main,40035,2019-10-25,,,
04606,Note/bond 2024-11-1,HK Main,85998,2014-11-13,2019-11-15,2019-11-21,Redeemed
04606,Note/bond 2025-05-1,HK Main,5514,2015-05-14,,,
04606,Note/bond 2029-02-2,HK Main,5802,2019-02-28,,,
04608,PRC ordinary shares listed in HK,HK Main,3698,2013-11-12,,,
04608,Preference,HK Main,4608,2016-11-11,,,
04609,PRC ordinary shares listed in HK,HK Main,1988,2009-11-26,,,
04609,A-share,Shang,600016,2000-12-19,,,
04609,Preference,HK Main,4609,2016-12-15,,,
04609,Note/bond 2018-05-2,HK Main,5518,2015-05-22,2018-05-16,2018-05-23,Expired
04609,Note/bond 2020-05-0,HK Main,4581,2017-05-08,,,
04609,Note/bond 2020-09-1,HK Main,5268,2017-09-12,,,
04609,Note/bond 2020-11-1,HK Main,5018,2017-11-16,,,
04609,Note/bond 2020-11-1,HK Main,5017,2017-11-16,,,
04609,Note/bond 2021-03-0,HK Main,4444,2018-03-12,,,
04609,Note/bond 2022-09-1,HK Main,5269,2017-09-12,,,
04609,Note/bond 2023-03-0,HK Main,4445,2018-03-12,,,
04610,PRC ordinary shares listed in HK,HK Main,2016,2016-03-30,,,
04610,A-share,Shang,601916,2019-11-26,,,
04610,Preference,HK Main,4610,2017-03-30,,,
04611,PRC ordinary shares listed in HK,HK Main,3866,2015-12-03,,,
04611,Preference,HK Main,4611,2017-09-20,,,
04612,PRC ordinary shares listed in HK,HK Main,1658,2016-09-28,,,
04612,A-share,Shang,601658,2019-12-10,,,
04612,Preference,HK Main,4612,2017-09-28,,,
04613,PRC ordinary shares listed in HK,HK Main,6196,2015-12-23,,,
04613,A-share,ShenSME,002936,2018-09-19,,,
04613,Preference,HK Main,4613,2017-10-19,,,
04614,PRC ordinary shares listed in HK,HK Main,3968,2006-09-22,,,
04614,A-share,Shang,600036,2002-04-09,,,
04614,Preference,HK Main,4614,2017-10-26,,,
04614,Nil-paid rights 2010-03-2,HK Main,2998,2010-03-17,2010-03-24,2010-03-25,Expired
04614,Nil-paid rights 2013-09-1,HK Main,2939,2013-09-09,2013-09-16,2013-09-17,Expired
04614,Note/bond 2017-04-1,HK Main,85957,2014-04-11,2017-04-05,2017-04-11,Expired
04614,Note/bond 2017-06-1,HK Main,5761,2014-06-13,2017-06-07,2017-06-13,Expired
04614,Note/bond 2018-05-1,HK Main,5515,2015-05-15,2018-05-09,2018-05-15,Expired
04614,Note/bond 2019-08-1,HK Main,5789,2014-08-12,2019-08-07,2019-08-13,Expired
04614,Note/bond 2020-06-1,HK Main,5219,2017-06-13,,,
04614,Note/bond 2021-06-0,HK Main,5108,2018-06-04,,,
04614,Note/bond 2021-09-2,HK Main,5178,2018-09-27,,,
04614,Note/bond 2022-06-1,HK Main,5079,2019-06-20,,,
04614,Note/bond 2023-09-2,HK Main,5179,2018-09-27,,,
04615,PRC ordinary shares listed in HK,HK Main,0416,2015-12-07,,,
04615,Preference,HK Main,4615,2017-10-30,,,
04616,PRC ordinary shares listed in HK,HK Main,1963,2013-11-06,,,
04616,Preference,HK Main,4616,2017-12-21,,,
04617,PRC ordinary shares listed in HK,HK Main,1216,2017-07-19,,,
04617,Preference,HK Main,4617,2018-11-22,,,
04618,PRC ordinary shares listed in HK,HK Main,1551,2017-06-20,,,
04618,Preference,HK Main,4618,2019-06-21,,,
06122,PRC ordinary shares listed in HK,HK Main,6122,2017-01-12,,,
06138,PRC ordinary shares listed in HK,HK Main,6138,2014-03-31,,,
06190,PRC ordinary shares listed in HK,HK Main,6190,2018-07-10,,,
06196,PRC ordinary shares listed in HK,HK Main,6196,2015-12-23,,,
06196,A-share,ShenSME,002936,2018-09-19,,,
06196,Preference,HK Main,4613,2017-10-19,,,
06818,PRC ordinary shares listed in HK,HK Main,6818,2013-12-20,,,
06818,A-share,Shang,601818,2010-08-18,,,
06818,Note/bond 2019-09-1,HK Main,4500,2016-09-19,2019-09-11,2019-09-17,Expired
06818,Note/bond 2020-03-0,HK Main,5392,2017-03-09,,,
06818,Note/bond 2020-06-1,HK Main,5216,2017-06-14,,,
06818,Note/bond 2021-06-1,HK Main,5116,2018-06-14,,,
06818,Note/bond 2021-09-1,HK Main,5171,2018-09-21,,,
06818,Note/bond 2022-06-2,HK Main,5298,2019-06-25,,,
00662,Ordinary shares,HK Main,0103,,1990-12-05,1990-12-11,Merger
00662,Ordinary shares,HK Main,0662,1990-12-18,,,
00945,Ordinary shares,HK Sec,0945,1999-09-27,,,
00945,Ordinary shares,Toronto,MFC,,,,
00966,Ordinary shares,HK Main,0966,2000-06-29,,,
00966,Nil-paid rights 2014-11-1,HK Main,2978,2014-11-05,2014-11-13,2014-11-14,Expired
00966,Note/bond,HK Main,5799,2014-09-11,2019-09-12,2019-09-18,Redeemed
00966,Note/bond 2022-11-2,HK Main,4582,2012-11-22,,,
01299,Ordinary shares,HK Main,1299,2010-10-29,,,
01299,Note/bond 2018-03-1,HK Main,5912,2013-03-14,2018-03-08,2018-03-14,Expired
01299,Note/bond 2019-03-1,HK Main,5707,2014-03-12,2019-03-06,2019-03-12,Expired
01299,Note/bond 2021-09-2,HK Main,5170,2018-09-21,,,
01299,Note/bond 2023-03-1,HK Main,5913,2013-03-14,,,
01299,Note/bond 2025-03-1,HK Main,5879,2015-03-12,,,
01299,Note/bond 2028-04-0,HK Main,4457,2018-04-09,,,
01299,Note/bond 2029-04-0,HK Main,5944,2019-04-10,,,
01299,Note/bond 2044-03-1,HK Main,5708,2014-03-12,,,
01299,Note/bond 2046-03-1,HK Main,5618,2016-03-17,,,
01336,PRC ordinary shares listed in HK,HK Main,1336,2011-12-15,,,
01336,A-share,Shang,601336,2011-12-16,,,
01339,PRC ordinary shares listed in HK,HK Main,1339,2012-12-07,,,
01508,PRC ordinary shares listed in HK,HK Main,1508,2015-10-26,,,
02318,PRC ordinary shares listed in HK,HK Main,2318,2004-06-24,,,
02318,A-share,Shang,601318,2007-03-01,,,
02328,PRC ordinary shares listed in HK,HK Main,2328,2003-11-06,,,
02328,Nil-paid rights 2011-12-2,HK Main,2973,2011-12-13,2011-12-20,2011-12-21,Expired
02328,Nil-paid rights 2013-06-1,HK Main,2920,2013-06-05,2013-06-13,2013-06-14,Expired
02328,Nil-paid rights 2014-12-0,HK Main,2990,2014-11-20,2014-11-27,2014-11-28,Expired
02378,Ordinary shares,HK Main,2378,2010-05-25,,,
02601,PRC ordinary shares listed in HK,HK Main,2601,2009-12-23,,,
02601,A-share,Shang,601601,2007-12-25,,,
02628,PRC ordinary shares listed in HK,HK Main,2628,2003-12-18,,,
02628,A-share,Shang,601628,2007-01-09,,,
02628,Note/bond 2075-07-0,HK Main,5540,2015-07-06,,,
06060,PRC ordinary shares listed in HK,HK Main,6060,2017-09-28,,,
06161,Ordinary shares,HK Main,6161,2015-01-15,,,
00053,Ordinary shares,HK Main,0053,1983-05-03,,,
00053,Warrant 1994-11-1,HK Main,0347,1992-11-20,1994-11-11,1994-11-17,Expired
00053,Note/bond 2017-08-0,HK Main,4560,2012-08-02,2017-07-27,2017-08-02,Expired
00068,Ordinary shares,HK Main,0068,1972-11-09,,,
00068,Warrant 1994-09-3,HK Main,0549,1992-10-26,1994-09-27,1994-10-03,Expired
00080,Ordinary shares,HK Main,0080,2011-01-06,,,
00080,Nil-paid rights 2014-09-1,HK Main,2933,2014-09-02,2014-09-10,2014-09-11,Expired
00080,Nil-paid rights 2016-01-0,HK Main,2926,2015-12-18,2016-01-04,2016-01-05,Expired
00080,Nil-paid rights 2017-01-1,HK Main,2928,2016-12-29,2017-01-09,2017-01-10,Expired
00080,Nil-paid rights 2018-03-2,HK Main,2933,2018-03-08,2018-03-15,2018-03-16,Expired
00133,Ordinary shares,HK Main,0133,1993-07-22,,,
00133,Warrant 1996-06-2,HK Main,0325,1993-07-22,1996-06-25,1996-07-01,Expired
00139,Ordinary shares,HK Main,0139,1994-03-15,,,
00139,Warrant 1997-03-2,HK Main,0157,1994-03-15,1997-03-24,1997-04-01,Expired
00139,Warrant 2016-04-0,HK Main,1436,2015-04-09,2016-04-01,2016-04-08,Expired
00139,Nil-paid rights 2013-09-1,HK Main,2935,2013-08-30,2013-09-06,2013-09-09,Expired
00139,Nil-paid rights 2015-03-2,HK Main,2942,2015-03-13,2015-03-20,2015-03-23,Expired
00165,Ordinary shares,HK Main,0165,1973-02-26,,,
00165,Warrant 1993-03-3,HK Main,,1990-10-08,1993-03-26,1993-04-01,Expired
00165,Warrant 1993-12-3,HK Main,,1991-04-08,1993-12-28,1994-01-03,Expired
00165,Warrant 2000-01-0,HK Main,1216,1998-06-23,1999-12-30,2000-01-06,Expired
00174,Ordinary shares,HK Main,0174,1988-10-05,,,
00204,Ordinary shares,HK Main,0204,2000-12-12,,,
00235,Ordinary shares,HK Main,0235,1972-12-04,,,
00235,Warrant 1997-08-2,HK Main,0735,1992-09-30,1997-08-26,1997-09-01,Expired
00235,Warrant 1998-11-0,HK Main,0691,1997-11-06,1998-10-30,1998-11-05,Expired
00235,Warrant 2003-12-3,HK Main,1216,2002-08-29,2003-12-24,2004-01-02,Expired
00235,Nil-paid rights 2014-12-0,HK Main,2984,2014-11-24,2014-12-01,2014-12-02,Expired
00235,Nil-paid rights 2015-08-1,HK Main,2947,2015-07-31,2015-08-07,2015-08-10,Expired
00310,Ordinary shares,HK Main,0310,1992-12-21,,,
00329,Ordinary shares,HK Main,0329,2001-05-09,,,
00329,Nil-paid rights 2010-05-3,HK Main,2908,2010-05-18,2010-05-26,2010-05-27,Expired
00329,Nil-paid rights 2011-01-2,HK Main,2972,2011-01-12,2011-01-19,2011-01-20,Expired
00329,Nil-paid rights 2012-04-2,HK Main,2902,2012-04-11,2012-04-18,2012-04-19,Expired
00329,Nil-paid rights 2013-01-3,HK Main,2967,2013-01-18,2013-01-25,2013-01-28,Expired
00339,Ordinary shares,HK Main,0339,2000-07-26,,,
00356,Ordinary shares,HK Main,0356,2002-06-07,,,
00372,Ordinary shares,HK Main,0372,1992-02-13,,,
00372,Convertible redeemable preference share 2007-11-0,HK Main,0206,1997-02-17,2007-10-31,2007-11-06,Expired
00372,Warrant 1996-03-2,HK Main,0904,1992-02-13,1996-03-26,1996-04-01,Expired
00372,Warrant 1996-12-3,HK Main,0727,1995-09-26,1996-12-20,1997-01-02,Expired
00372,Warrant 1998-09-3,HK Main,0929,1997-04-04,1998-09-25,1998-10-05,Expired
00372,Warrant 1999-11-1,HK Main,0705,1998-05-14,1999-11-08,1999-11-12,Expired
00372,Warrant 2009-11-0,HK Main,0779,2008-11-07,2009-10-30,2009-11-05,Expired
00372,Nil-paid rights 2009-05-1,HK Main,2912,2009-05-04,2009-05-11,2009-05-12,Expired
00378,Ordinary shares,HK Main,0344,1986-09-10,,1987-07-01,Code change
00378,Ordinary shares,HK Main,0378,1987-07-01,,,
00378,Warrant 1992-06-3,HK Main,,,1992-06-26,1992-07-01,Expired
00378,Warrant 1992-12-3,HK Main,,1991-04-25,1992-12-28,1993-01-04,Expired
00378,Warrant 1998-06-3,HK Main,0541,1996-06-03,1998-06-25,1998-07-02,Expired
00378,Warrant 1998-09-3,HK Main,0702,1997-04-23,1998-09-25,1998-10-05,Expired
00428,Ordinary shares,Toronto,HAR,2007-06-29,,2013-07-23,Vol. withdrawal
00428,Ordinary shares,HK Main,0428,1993-12-14,,,
00428,Warrant 2000-06-0,HK Main,0734,1998-06-11,2000-06-05,2000-06-12,Expired
00428,Warrant 2002-05-3,HK Main,0640,2000-05-29,2002-05-28,2002-06-03,Expired
00428,Warrant 2004-06-3,HK Main,0652,2002-06-25,2004-06-25,2004-07-02,Expired
00428,Nil-paid rights 2016-07-1,HK Main,2982,2016-06-28,2016-07-06,2016-07-07,Expired
00428,Nil-paid rights 2019-10-1,HK Main,2951,2019-09-27,2019-10-08,2019-10-09,Expired
00430,Ordinary shares,HK Main,0430,1993-03-30,,,
00430,Warrant 1996-03-2,HK Main,0437,1993-03-30,1996-03-26,1996-04-01,Expired
00572,Ordinary shares,HK Main,0572,2003-07-02,,,
00612,Ordinary shares,HK Main,0612,2002-01-02,,,
00613,Ordinary shares,HK Main,0613,1993-11-12,,,
00613,Warrant 1996-10-3,HK Main,0769,1993-11-12,1996-10-25,1996-10-31,Expired
00613,Warrant 2001-09-1,HK Main,1198,1999-09-21,2001-09-11,2001-09-17,Expired
00613,Warrant 2003-07-1,HK Main,0556,2001-07-20,2003-07-15,2003-07-21,Expired
00666,Ordinary shares,HK Main,0666,1990-12-21,,,
00666,Warrant 1993-12-3,HK Main,,1990-12-21,1993-12-28,1994-01-03,Expired
00666,Warrant 2009-05-2,HK Main,0150,2008-06-02,2009-05-22,2009-05-29,Expired
00666,Warrant 2011-04-2,HK Main,0534,2009-04-27,2011-04-18,2011-04-26,Expired
00666,Nil-paid rights 2009-04-1,HK Main,2999,2009-03-30,2009-04-08,2009-04-09,Expired
00718,Ordinary shares,HK Main,0718,1995-10-02,,,
00718,Warrant 1998-12-3,HK Main,0724,1997-10-17,1998-12-23,1999-01-04,Expired
00718,Nil-paid rights 2007-03-2,HK Main,2910,2007-03-09,2007-03-16,2007-03-19,Expired
00718,Nil-paid rights 2016-11-0,HK Main,2913,2016-10-26,2016-11-02,2016-11-03,Expired
00721,Ordinary shares,HK Main,0721,2001-06-08,,,
00768,Ordinary shares,HK Main,0768,2000-01-18,,,
00768,Warrant 2002-06-2,HK Main,0352,2000-10-20,2002-06-25,2002-07-02,Expired
00770,Ordinary shares,HK Main,0770,1993-11-30,,,
00770,Warrant 1996-11-2,HK Main,0771,1993-11-30,1996-11-26,1996-12-02,Expired
00806,Ordinary shares,HK Main,0806,2007-11-22,,,
00810,Ordinary shares,HK Main,0810,2002-02-28,,,
00810,Nil-paid rights 2007-04-1,HK Main,2915,2007-03-28,2007-04-04,2007-04-10,Expired
00810,Nil-paid rights 2014-09-1,HK Main,2934,2014-09-08,2014-09-16,2014-09-17,Expired
00851,Ordinary shares,HK Main,0851,1998-12-02,,,
00851,Nil-paid rights 2005-06-0,HK Main,2980,2005-05-30,2005-06-06,2005-06-07,Expired
00851,Nil-paid rights 2011-03-1,HK Main,2991,2011-03-04,2011-03-11,2011-03-14,Expired
00901,Ordinary shares,HK Main,0901,2002-02-28,,,
00901,Warrant 2014-04-2,HK Main,1307,2012-05-02,2014-04-24,2014-04-30,Expired
00901,Nil-paid rights 2005-09-1,HK Main,2902,2005-09-02,2005-09-09,2005-09-12,Expired
00901,Nil-paid rights 2007-01-1,HK Main,2995,2007-01-04,2007-01-12,2007-01-15,Expired
00901,Nil-paid rights 2007-12-1,HK Main,2989,2007-12-05,2007-12-12,2007-12-13,Expired
00901,Nil-paid rights 2010-08-0,HK Main,2927,2010-07-27,2010-08-03,2010-08-04,Expired
00901,Nil-paid rights 2011-07-2,HK Main,2941,2011-07-19,2011-07-26,2011-07-27,Expired
00901,Nil-paid rights 2012-03-0,HK Main,2990,2012-02-28,2012-03-06,2012-03-07,Expired
00905,Ordinary shares,HK Main,0905,1998-07-17,,,
00913,Ordinary shares,HK Main,0913,1999-10-27,,,
00913,Nil-paid rights 2004-12-1,HK Main,2948,2004-12-03,2004-12-10,2004-12-13,Expired
00913,Nil-paid rights 2005-10-2,HK Main,2908,2005-10-13,2005-10-20,2005-10-21,Expired
00913,Nil-paid rights 2007-05-0,HK Main,2918,2007-04-26,2007-05-04,2007-05-07,Expired
00913,Nil-paid rights 2008-05-2,HK Main,2929,2008-05-19,2008-05-26,2008-05-27,Expired
00913,Nil-paid rights 2009-03-3,HK Main,2996,2009-03-18,2009-03-26,2009-03-27,Expired
00913,Nil-paid rights 2010-05-1,HK Main,2904,2010-04-29,2010-05-06,2010-05-07,Expired
00913,Nil-paid rights 2010-12-1,HK Main,2956,2010-12-06,2010-12-14,2010-12-15,Expired
00913,Nil-paid rights 2012-02-2,HK Main,2983,2012-02-09,2012-02-17,2012-02-20,Expired
00913,Nil-paid rights 2016-08-0,HK Main,2990,2016-07-21,2016-07-28,2016-07-29,Expired
01041,Ordinary shares,HK Main,1041,1996-12-27,,,
01041,Warrant 1999-03-0,HK Main,0387,1997-09-08,1999-02-24,1999-03-04,Expired
01041,Warrant 2004-03-3,HK Main,0574,2001-04-19,2004-03-26,2004-04-01,Expired
01051,Ordinary shares,HK Main,1051,1994-04-29,,,
01051,Warrant 1997-10-3,HK Main,0721,1995-10-10,1997-10-28,1997-11-03,Expired
01051,Nil-paid rights 2013-09-2,HK Main,2941,2013-09-13,2013-09-23,2013-09-24,Expired
01062,Ordinary shares,HK Main,1062,1994-05-10,,,
01062,Warrant 2003-08-1,HK Main,1034,2001-08-21,2003-08-12,2003-08-18,Expired
01140,Ordinary shares,HK Main,1140,2003-03-20,,,
01160,Ordinary shares,HK Main,1160,2004-04-02,,,
01191,Ordinary shares,HK Main,1191,1994-10-26,,,
01191,Warrant 1997-10-3,HK Main,1192,1994-10-26,1997-10-27,1997-11-03,Expired
01191,Warrant 2001-03-3,HK Main,1212,1999-09-17,2001-03-27,2001-04-02,Expired
01191,Warrant 2003-06-1,HK Main,0568,2001-12-12,2003-06-06,2003-06-12,Expired
01191,Nil-paid rights 2005-05-3,HK Main,2977,2005-05-18,2005-05-26,2005-05-27,Expired
01217,Ordinary shares,HK Main,1217,2002-08-28,,,
01217,Nil-paid rights 2006-09-2,HK Main,2974,2006-09-15,2006-09-22,2006-09-25,Expired
01217,Nil-paid rights 2007-10-2,HK Main,2975,2007-10-15,2007-10-23,2007-10-24,Expired
01226,Ordinary shares,HK Main,1226,2002-09-19,,,
01226,Nil-paid rights 2005-10-1,HK Main,2911,2005-10-05,2005-10-13,2005-10-14,Expired
01227,Ordinary shares,HK Main,1227,2002-09-27,,,
01227,Nil-paid rights 2007-08-1,HK Main,2948,2007-08-01,2007-08-08,2007-08-09,Expired
01227,Nil-paid rights 2013-08-2,HK Main,2932,2013-08-15,2013-08-22,2013-08-23,Expired
01227,Nil-paid rights 2014-02-1,HK Main,2972,2014-01-30,2014-02-10,2014-02-11,Expired
01227,Nil-paid rights 2017-12-2,HK Main,2913,2017-12-11,2017-12-18,2017-12-19,Expired
01359,PRC ordinary shares listed in HK,HK Main,1359,2013-12-12,,,
01359,Preference,HK Main,4607,2016-10-03,,,
01835,PRC ordinary shares listed in HK,HK Main,1835,2018-11-13,,,
01911,Ordinary shares,HK Main,1911,2018-09-27,,,
02277,Ordinary shares,HK Main,2277,2014-12-29,,,
02312,Ordinary shares,HK Main,2312,2002-10-28,,,
02324,Ordinary shares,HK Main,2324,2003-10-27,,,
02324,Nil-paid rights,HK Main,2941,2017-02-22,2017-03-01,2017-03-02,Expired
02324,Nil-paid rights 2007-07-1,HK Main,2940,2007-07-05,2007-07-12,2007-07-13,Expired
02324,Nil-paid rights 2008-08-0,HK Main,2952,2008-07-25,2008-08-04,2008-08-05,Expired
02324,Nil-paid rights 2011-03-0,HK Main,2990,2011-02-25,2011-03-04,2011-03-07,Expired
02324,Nil-paid rights 2013-07-1,HK Main,2925,2013-07-08,2013-07-15,2013-07-16,Expired
02799,PRC ordinary shares listed in HK,HK Main,2799,2015-10-30,,,
02823,Unit,HKCIS,2823,2004-11-18,,,
02823,Unit,HKCIS,82823,2017-07-07,,,
02828,Unit,HKCIS,2828,2003-12-10,,,
02828,Unit,HKCIS,82828,2015-09-04,,,
02833,Unit,HKCIS,2833,2004-09-21,,,
02833,Unit,HKCIS,82833,2015-09-04,,,
00033,Ordinary shares,HK Main,0033,2007-11-19,,,
00056,Ordinary shares,HK Main,0056,1981-01-08,,,
00056,Warrant 1993-12-3,HK Main,0482,,1993-12-28,1994-01-03,Expired
00056,Warrant 2000-07-0,HK Main,1228,1997-07-04,2000-06-28,2000-07-04,Expired
00056,Warrant 2002-09-1,HK Main,0150,2001-09-20,2002-09-12,2002-09-18,Expired
00056,Warrant 2004-12-0,HK Main,0664,2003-12-05,2004-12-01,2004-12-07,Expired
00056,Warrant 2009-06-0,HK Main,0514,2006-06-07,2009-06-02,2009-06-08,Expired
00056,Warrant 2016-06-1,HK Main,1183,2011-06-15,2016-06-07,2016-06-14,Expired
00086,Ordinary shares,HK Main,0086,1983-10-03,,,
00086,Warrant 2000-02-1,HK Main,0909,1997-02-25,2000-02-15,2000-02-21,Expired
00086,Warrant 2003-01-1,HK Main,0734,2001-01-15,2003-01-07,2003-01-13,Expired
00086,Warrant 2009-05-3,HK Main,0466,2006-06-01,2009-05-25,2009-06-01,Expired
00086,Convertible Bond 2000-12-3,HK Main,1676,1998-01-22,2000-12-19,2001-01-02,Converted to ord
00086,Note/bond 2017-09-2,HK Main,4567,2012-09-27,2017-09-21,2017-09-27,Expired
00086,Note/bond 2021-05-3,HK Main,5654,2016-06-01,,,
00086,Note/bond 2022-09-0,HK Main,5267,2017-09-11,,,
00086,Note/bond 2024-11-1,HK Main,40065,2019-11-18,,,
00109,Ordinary shares,HK Main,0109,1998-01-12,,,
00109,Warrant 2001-10-1,HK Main,0387,2000-10-19,2001-10-11,2001-10-17,Expired
00172,Ordinary shares,HK Main,0172,1972-09-01,,,
00211,Ordinary shares,HK Main,0211,1991-12-05,,,
00211,Warrant 1994-03-3,HK Main,0221,1991-12-05,1994-03-28,1994-04-06,Expired
00211,Warrant 1996-12-3,HK Main,0436,1994-04-06,1996-12-20,1997-01-02,Expired
00211,Warrant 1998-02-2,HK Main,0208,1997-02-18,1998-02-24,1998-03-02,Expired
00211,Warrant 2000-12-2,HK Main,0331,1997-07-16,2000-12-22,2001-01-02,Expired
00211,Warrant 2001-12-3,HK Main,0309,2001-01-03,2001-12-24,2002-01-02,Expired
00211,Warrant 2015-08-1,HK Main,1352,2014-02-20,2015-08-13,2015-08-19,Expired
00211,Warrant 2016-11-0,HK Main,1535,2015-11-06,2016-11-01,2016-11-07,Expired
00211,Warrant 2018-02-1,HK Main,1482,2017-02-15,2018-02-08,2018-02-14,Expired
00211,Warrant 2019-11-0,HK Main,1595,2018-11-07,2019-10-31,2019-11-06,Expired
00211,Warrant 2020-11-1,HK Main,1435,2019-11-19,,,
00221,Ordinary shares,HK Main,0221,2002-11-07,,,
00221,Nil-paid rights 2015-09-1,HK Main,2975,2015-09-01,2015-09-09,2015-09-10,Expired
00318,Ordinary shares,HK Main,0318,2001-10-09,,,
00335,Ordinary shares,HK Main,0335,2000-10-18,,,
00373,Ordinary shares,HK Main,0248,1973-01-12,,1987-03-02,Code change
00373,Ordinary shares,HK Main,0373,1987-03-02,,,
00373,Warrant 1993-12-3,HK Main,,,1993-12-28,1994-01-03,Expired
00373,Warrant 2000-03-0,HK Main,0386,1997-03-14,2000-03-02,2000-03-08,Expired
00379,Ordinary shares,HK Main,0379,2002-11-13,,,
00388,Ordinary shares,HK Main,0388,2000-06-27,,,
00388,Convertible Bond 2017-10-2,HK Main,4575,2012-10-24,2015-06-16,2015-06-22,Converted to ord
00397,Ordinary shares,HK Main,0397,1993-10-13,,,
00397,Warrant 2001-12-3,HK Main,1054,2000-01-31,2001-12-24,2002-01-02,Expired
00397,Nil-paid rights 2010-12-1,HK Main,2957,2010-12-07,2010-12-14,2010-12-15,Expired
00412,Ordinary shares,HK Main,0412,1992-04-15,,,
00412,Warrant 1995-06-3,HK Main,0905,1992-04-15,1995-06-27,1995-06-30,Expired
00412,Warrant 1998-12-3,HK Main,0125,1997-08-01,1998-12-23,1999-01-04,Expired
00412,Warrant 2000-03-3,HK Main,1143,1999-01-08,2000-03-28,2000-04-03,Expired
00412,Warrant 2003-06-3,HK Main,1144,2002-06-28,2003-06-25,2003-07-02,Expired
00412,Warrant 2005-04-1,HK Main,0923,2003-10-16,2005-04-07,2005-04-13,Expired
00412,Warrant 2009-06-3,HK Main,0652,2008-01-03,2009-06-25,2009-07-02,Expired
00412,Warrant 2013-10-2,HK Main,1248,2011-10-28,2013-10-22,2013-10-28,Expired
00412,Nil-paid rights 2004-12-0,HK Main,2947,2004-11-26,2004-12-06,2004-12-07,Expired
00412,Nil-paid rights 2005-12-1,HK Main,2924,2005-12-06,2005-12-13,2005-12-14,Expired
00412,Nil-paid rights 2007-10-1,HK Main,2970,2007-10-02,2007-10-12,2007-10-15,Expired
00412,Nil-paid rights 2011-03-1,HK Main,2992,2011-03-07,2011-03-14,2011-03-15,Expired
00412,Nil-paid rights 2011-10-1,HK Main,2961,2011-10-07,2011-10-14,2011-10-17,Expired
00412,Nil-paid rights 2013-05-2,HK Main,2999,2013-05-14,2013-05-22,2013-05-23,Expired
00412,Note/bond 2019-03-0,HK Main,4438,2018-03-06,2019-02-27,2019-03-05,Expired
00412,Note/bond 2020-01-1,HK Main,5529,2019-01-16,2020-01-08,2020-01-14,Expired
00474,Ordinary shares,HK Main,0474,2006-06-06,,,
00530,Ordinary shares,HK Main,0530,1992-10-08,,,
00530,Warrant 1994-10-3,HK Main,0746,1992-10-08,1994-10-26,1994-11-01,Expired
00530,Nil-paid rights 2009-06-0,HK Main,2916,2009-05-19,2009-05-26,2009-05-27,Expired
00530,Nil-paid rights 2009-11-1,HK Main,2959,2009-11-06,2009-11-16,2009-11-17,Expired
00530,Nil-paid rights 2012-12-0,HK Main,2952,2012-11-20,2012-11-29,2012-11-30,Expired
00559,Ordinary shares,HK Main,0559,1997-01-03,,,
00559,Nil-paid rights 2018-06-0,HK Main,2941,2018-05-24,2018-05-31,2018-06-01,Expired
00605,Ordinary shares,HK Main,0605,1993-04-07,,,
00605,Warrant 1995-03-3,HK Main,0609,1993-04-07,1995-03-28,1995-03-31,Expired
00605,Warrant 1998-12-3,HK Main,0692,1996-10-08,1998-12-23,1999-01-04,Expired
00605,Nil-paid rights 2004-06-2,HK Main,2924,2004-06-15,2004-06-24,2004-06-25,Expired
00605,Note/bond 2018-03-0,HK Main,85713,2015-03-06,2018-02-28,2018-03-06,Expired
00622,Ordinary shares,HK Main,0622,1991-09-16,,,
00622,Warrant 1994-01-3,HK Main,0425,1992-07-30,1994-01-26,1994-02-01,Expired
00622,Nil-paid rights 2017-03-0,HK Main,2931,2017-02-22,2017-03-01,2017-03-02,Expired
00622,Nil-paid rights 2018-07-1,HK Main,2950,2018-07-03,2018-07-10,2018-07-11,Expired
00628,Ordinary shares,HK Main,0628,2002-07-24,,,
00668,Ordinary shares,HK Main,0668,1990-12-12,,,
00730,Ordinary shares,HK Main,0730,1991-08-08,,,
00730,Warrant 1995-06-3,HK Main,0907,1992-06-01,1995-06-27,1995-06-30,Expired
00730,Nil-paid rights 2018-10-2,HK Main,2981,2018-10-10,2018-10-18,2018-10-19,Expired
00736,Ordinary shares,HK Main,0736,1992-09-30,,,
00736,Warrant 1995-09-2,HK Main,0737,1992-09-30,1995-09-26,1995-09-30,Expired
00736,Nil-paid rights 2011-04-2,HK Main,2904,2011-04-11,2011-04-18,2011-04-19,Expired
00736,Nil-paid rights 2012-09-1,HK Main,2928,2012-09-04,2012-09-11,2012-09-12,Expired
00736,Nil-paid rights 2016-07-2,HK Main,2989,2016-07-19,2016-07-26,2016-07-27,Expired
00764,Ordinary shares,HK Main,0764,2000-02-15,,,
00764,Warrant 2005-06-1,HK Main,1115,2002-06-20,2005-06-13,2005-06-17,Expired
00764,Nil-paid rights 2010-09-2,HK Main,2933,2010-09-08,2010-09-15,2010-09-16,Expired
00764,Nil-paid rights 2015-08-1,HK Main,2944,2015-07-31,2015-08-07,2015-08-10,Expired
00766,Ordinary shares,HK Main,0766,2002-05-15,,,
00767,Ordinary shares,HK Main,0767,1995-11-20,,,
00767,Warrant 1998-04-3,HK Main,0997,1996-11-12,1998-04-27,1998-05-01,Expired
00767,Warrant 1998-11-3,HK Main,1076,1997-06-12,1998-11-25,1998-12-01,Expired
00767,Nil-paid rights 2011-05-1,HK Main,2910,2011-04-29,2011-05-09,2011-05-11,Expired
00767,Nil-paid rights 2012-10-0,HK Main,2937,2012-09-24,2012-10-03,2012-10-04,Expired
00767,Nil-paid rights 2013-10-3,HK Main,2945,2013-10-18,2013-10-25,2013-10-28,Expired
00900,Ordinary shares,HK Main,0900,1995-09-14,,,
00986,Ordinary shares,HK Main,0986,1994-02-02,,,
00986,Warrant 1996-12-3,HK Main,1220,1995-02-08,1996-12-20,1997-01-02,Expired
00986,Warrant 1999-09-3,HK Main,0966,1997-10-09,1999-09-27,1999-10-04,Expired
00986,Nil-paid rights 2011-04-1,HK Main,2902,2011-04-04,2011-04-12,2011-04-13,Expired
00986,Nil-paid rights 2015-01-1,HK Main,2916,2015-01-02,2015-01-09,2015-01-12,Expired
00993,Ordinary shares,HK Main,0993,1994-02-16,,,
00993,Warrant 2012-08-2,HK Main,1257,2011-08-22,2012-08-16,2012-08-22,Expired
00993,Nil-paid rights 2011-08-0,HK Main,2942,2011-07-22,2011-08-02,2011-08-03,Expired
00993,Nil-paid rights 2013-04-2,HK Main,2994,2013-04-10,2013-04-17,2013-04-18,Expired
00993,Nil-paid rights 2017-02-0,HK Main,2932,2017-01-16,2017-01-24,2017-01-25,Expired
00997,Ordinary shares,HK Main,0997,2000-03-10,,,
00997,Nil-paid rights 2016-11-1,HK Main,2915,2016-11-02,2016-11-09,2016-11-10,Expired
01019,Ordinary shares,HK Main,1019,2010-07-13,,,
01220,Ordinary shares,HK Main,1220,1997-09-23,,,
01220,Warrant 1998-12-3,HK Main,1173,1997-09-23,1998-12-23,1999-01-04,Expired
01220,Warrant 2000-12-2,HK Main,0763,1999-10-27,2000-12-22,2001-01-02,Expired
01220,Warrant 2001-12-3,HK Main,0314,2000-08-30,2001-12-24,2002-01-02,Expired
01260,Ordinary shares,HK Main,1260,2012-03-30,,,
01273,Ordinary shares,HK Main,1273,2013-10-02,,,
01290,Ordinary shares,HK Main,1290,2013-10-28,,,
01319,Ordinary shares,HK Main,1319,2013-03-12,,,
01543,PRC ordinary shares listed in HK,HK Main,1543,2015-12-23,,,
01563,Ordinary shares,HK Main,1563,2019-03-15,,,
01572,Ordinary shares,HK Main,1572,2016-11-08,,,
01577,PRC ordinary shares listed in HK,HK Main,1577,2016-09-30,,,
01606,PRC ordinary shares listed in HK,HK Main,1606,2016-07-11,,,
01669,Ordinary shares,HK Main,1669,2014-12-12,,,
01697,PRC ordinary shares listed in HK,HK Main,1697,2017-12-08,,,
01806,Ordinary shares,HK Main,1806,2018-06-15,,,
01905,PRC ordinary shares listed in HK,HK Main,1905,2019-06-03,,,
01915,PRC ordinary shares listed in HK,HK GEM,8252,2017-05-08,2019-07-16,2019-07-17,To main board
01915,PRC ordinary shares listed in HK,HK Main,1915,2019-07-17,,,
02003,Ordinary shares,HK Main,2003,2018-06-21,,,
02003,Note/bond 2021-06-2,HK Main,5064,2019-06-21,,,
02051,Ordinary shares,HK Main,2051,2018-07-13,,,
02666,Ordinary shares,HK Main,2666,2015-07-08,,,
02718,PRC ordinary shares listed in HK,HK Main,2718,2019-04-03,,,
00064,Ordinary shares,HK Main,0064,2002-06-06,,,
00064,Nil-paid rights 2015-03-3,HK Main,2952,2015-03-19,2015-03-26,2015-03-27,Expired
00111,Ordinary shares,HK Main,0111,2000-08-01,,,
00111,Nil-paid rights 2011-05-0,HK Main,2908,2011-04-21,2011-05-03,2011-05-04,Expired
00188,Ordinary shares,HK Main,0188,2000-09-15,,,
00218,Ordinary shares,HK Main,0218,,,,
00218,Warrant 1995-12-2,HK Main,0634,1993-09-20,1995-12-22,1995-12-31,Expired
00218,Warrant 1998-06-3,HK Main,1073,1997-01-22,1998-06-25,1998-07-02,Expired
00218,Nil-paid rights 2015-01-0,HK Main,2912,2014-12-23,2015-01-05,2015-01-06,Expired
00227,Ordinary shares,HK Main,0227,1972-08-24,,,
00227,Warrant 1999-12-1,HK Main,1142,1997-12-18,1999-12-14,1999-12-20,Expired
00227,Warrant 2001-08-0,HK Main,1083,2000-02-08,2001-07-27,2001-08-02,Expired
00231,Ordinary shares,HK Main,0231,,,,
00231,Warrant 1996-06-2,HK Main,1205,1994-11-25,1996-06-25,1996-07-01,Expired
00231,Warrant 1997-12-3,HK Main,0344,1996-09-20,1997-12-22,1998-01-02,Expired
00231,Warrant 1998-12-3,HK Main,0329,1996-09-20,1998-12-23,1999-01-04,Expired
00231,Warrant 2001-08-3,HK Main,1226,1999-08-23,2001-08-28,2001-09-03,Expired
00231,Nil-paid rights 2019-11-1,HK Main,2958,2019-11-05,2019-11-12,2019-11-13,Cancelled
00245,Ordinary shares,HK Main,0245,1972-08-25,,,
00263,Ordinary shares,HK Main,0263,1988-04-06,,,
00263,Warrant 1992-12-3,HK Main,,1990-11-15,1992-12-28,1993-01-04,Expired
00263,Nil-paid rights 2011-01-2,HK Main,2971,2011-01-12,2011-01-19,2011-01-20,Expired
00263,Nil-paid rights 2015-03-1,HK Main,2932,2015-02-26,2015-03-05,2015-03-06,Expired
00263,Nil-paid rights 2016-09-2,HK Main,2999,2016-09-15,2016-09-23,2016-09-26,Expired
00279,Ordinary shares,HK Main,0279,1988-05-11,,,
00279,Warrant 1996-11-2,HK Main,0923,1992-01-02,1996-11-26,1996-12-02,Expired
00279,Warrant 1998-02-2,HK Main,1216,1997-01-17,1998-02-24,1998-03-02,Expired
00279,Warrant 2001-05-0,HK Main,0712,1999-11-08,2001-04-26,2001-05-04,Expired
00279,Nil-paid rights 2007-05-1,HK Main,2921,2007-05-02,2007-05-09,2007-05-10,Expired
00279,Nil-paid rights 2008-07-0,HK Main,2942,2008-06-20,2008-06-27,2008-06-30,Expired
00279,Nil-paid rights 2009-03-1,HK Main,2991,2009-03-03,2009-03-10,2009-03-11,Expired
00279,Nil-paid rights 2012-05-0,HK Main,2901,2012-04-23,2012-04-30,2012-05-02,Expired
00279,Nil-paid rights 2013-07-1,HK Main,2923,2013-06-27,2013-07-09,2013-07-10,Expired
00290,Ordinary shares,HK Main,0290,2001-05-03,,,
00376,Ordinary shares,HK Main,0376,1987-07-17,,,
00376,Warrant 1994-12-3,HK Main,0560,1993-01-28,1994-12-23,1995-01-03,Expired
00510,Ordinary shares,HK GEM,8122,2000-12-15,2008-02-29,2008-03-03,To main board
00510,Ordinary shares,HK Main,0510,2008-03-03,,,
00510,Nil-paid rights 2003-11-1,HK GEM,8392,2003-11-06,2003-11-14,2003-11-17,Expired
00510,Nil-paid rights 2004-05-1,HK GEM,8400,2004-04-28,2004-05-07,2004-05-10,Expired
00510,Nil-paid rights 2007-11-1,HK GEM,8391,2007-11-01,2007-11-09,2007-11-12,Expired
00510,Nil-paid rights 2009-04-0,HK Main,2998,2009-03-23,2009-04-01,2009-04-02,Expired
00585,Ordinary shares,HK Main,0585,1997-03-10,,,
00585,Warrant 2000-02-0,HK Main,0708,1998-02-09,2000-01-31,2000-02-08,Expired
00585,Nil-paid rights 2004-05-0,HK Main,2908,2004-04-20,2004-04-29,2004-04-30,Expired
00585,Nil-paid rights 2009-08-1,HK Main,2939,2009-08-04,2009-08-11,2009-08-12,Expired
00585,Nil-paid rights 2010-05-0,HK Main,2903,2010-04-21,2010-04-30,2010-05-03,Expired
00619,Ordinary shares,HK Main,0619,1993-07-16,,,
00619,Warrant 1995-07-3,HK Main,0614,1993-07-16,1995-07-26,1995-07-31,Expired
00619,Warrant 1997-08-2,HK Main,0651,1995-09-12,1997-08-25,1997-09-01,Expired
00619,Warrant 1999-09-3,HK Main,0911,1997-09-29,1999-09-27,1999-10-04,Expired
00619,Warrant 2001-02-2,HK Main,0637,2000-03-03,2001-02-23,2001-03-01,Expired
00619,Warrant 2002-04-1,HK Main,0394,2001-04-20,2002-04-15,2002-04-19,Expired
00619,Warrant 2003-06-2,HK Main,1204,2002-06-25,2003-06-17,2003-06-23,Expired
00619,Warrant 2006-03-0,HK Main,0442,2005-03-07,2006-02-27,2006-03-03,Expired
00619,Warrant 2008-10-2,HK Main,0740,2007-10-23,2008-10-17,2008-10-23,Expired
00619,Nil-paid rights 2015-06-0,HK Main,2990,2015-05-27,2015-06-03,2015-06-04,Expired
00619,Nil-paid rights 2016-08-0,HK Main,2991,2016-07-22,2016-07-29,2016-08-01,Expired
00665,Ordinary shares,HK Main,0665,1996-08-06,,,
00665,Warrant 1999-08-3,HK Main,0927,1997-09-29,1999-08-26,1999-09-01,Expired
00665,Warrant 2002-10-3,HK Main,0699,1999-11-15,2002-10-28,2002-11-01,Expired
00665,Nil-paid rights 2013-04-0,HK Main,2986,2013-03-25,2013-04-03,2013-04-05,Expired
00665,Nil-paid rights 2014-05-2,HK Main,2903,2014-05-13,2014-05-20,2014-05-21,Expired
00665,Nil-paid rights 2015-05-1,HK Main,2972,2015-05-05,2015-05-12,2015-05-13,Expired
00665,Convertible Bond 2021-10-2,HK Main,5753,2016-10-26,,,
00665,Note/bond 2018-02-2,HK Main,85712,2015-02-27,2018-02-21,2018-02-27,Expired
00665,Note/bond 2019-09-1,HK Main,5801,2014-09-12,2019-09-06,2019-09-12,Expired
00665,Note/bond 2020-07-2,HK Main,5867,2015-01-30,,,
00665,Note/bond 2024-07-1,HK Main,4484,2019-07-22,,,
00665,Note/bond 2025-05-1,HK Main,40057,2019-11-19,,,
00717,Ordinary shares,HK Main,0717,2007-04-24,,,
00717,Nil-paid rights 2011-07-2,HK Main,2939,2011-07-18,2011-07-25,2011-07-26,Expired
00717,Nil-paid rights 2015-05-2,HK Main,2978,2015-05-11,2015-05-18,2015-05-19,Expired
00804,Ordinary shares,HK GEM,8097,2015-06-12,2017-06-07,2017-06-08,To main board
00804,Ordinary shares,HK Main,0804,2017-06-08,,,
00812,Ordinary shares,HK Main,0812,2002-01-30,,,
00812,Nil-paid rights 2019-04-1,HK Main,2919,2019-04-01,2019-04-09,2019-04-10,Expired
00812,Note/bond 2018-05-2,HK Main,85716,2015-05-29,2018-05-23,2018-05-29,Expired
00812,Note/bond 2019-05-1,HK Main,4499,2018-05-21,2019-05-07,2019-05-14,Expired
00812,Note/bond 2019-05-1,HK Main,4487,2018-05-16,2019-05-08,2019-05-15,Expired
00812,Note/bond 2021-04-1,HK Main,5983,2019-04-18,,,
00821,Ordinary shares,HK GEM,8101,2001-04-09,2008-08-14,2008-08-15,To main board
00821,Ordinary shares,HK Main,0821,2008-08-15,,,
00821,Nil-paid rights 2003-01-2,HK GEM,8393,2003-01-13,2003-01-21,2003-01-22,Expired
00952,Ordinary shares,HK Main,0952,1997-09-24,,,
00952,Nil-paid rights 2010-01-2,HK Main,2984,2010-01-14,2010-01-21,2010-01-22,Expired
00952,Nil-paid rights 2011-09-2,HK Main,2950,2011-09-09,2011-09-19,2011-09-20,Expired
00952,Nil-paid rights 2017-07-2,HK Main,2977,2017-07-18,2017-07-25,2017-07-26,Expired
01031,Ordinary shares,HK Main,1031,1996-07-23,,,
01031,Warrant 1998-12-3,HK Main,1164,1996-11-04,1998-12-23,1999-01-04,Expired
01031,Warrant 1999-12-3,HK Main,0932,1997-11-11,1999-12-24,2000-01-03,Expired
01031,Warrant 2002-02-1,HK Main,0653,2000-02-18,2002-02-06,2002-02-18,Expired
01031,Warrant 2010-06-1,HK Main,0741,2008-06-12,2010-06-04,2010-06-10,Expired
01073,Ordinary shares,HK GEM,8011,1999-11-25,2002-01-11,2002-01-14,To main board
01073,Ordinary shares,HK Main,1073,2002-01-14,,,
01141,Ordinary shares,HK Main,1141,1998-03-12,,,
01141,Warrant 2001-09-2,HK Main,1099,1999-10-04,2001-01-19,2001-10-03,Expired
01141,Warrant 2014-03-0,HK Main,0649,2012-03-13,2014-03-04,2014-03-10,Expired
01141,Warrant 2016-01-2,HK Main,1392,2015-01-28,2016-01-21,2016-01-27,Expired
01141,Warrant 2017-02-1,HK Main,1153,2016-02-15,2017-02-08,2017-02-14,Expired
01141,Nil-paid rights 2012-03-0,HK Main,2986,2012-02-20,2012-02-27,2012-02-28,Expired
01375,PRC ordinary shares listed in HK,HK Main,1375,2014-06-25,,,
01428,Ordinary shares,HK Main,1428,2010-08-25,,,
01428,Nil-paid rights 2012-07-3,HK Main,2919,2012-07-19,2012-07-26,2012-07-27,Expired
01428,Nil-paid rights 2014-10-1,HK Main,2957,2014-10-03,2014-10-10,2014-10-13,Expired
01456,PRC ordinary shares listed in HK,HK Main,1456,2015-07-06,,,
01461,PRC ordinary shares listed in HK,HK Main,1461,2015-07-07,,,
01469,Ordinary shares,HK Main,1469,2016-04-08,,,
01476,PRC ordinary shares listed in HK,HK Main,1476,2015-10-15,,,
01776,PRC ordinary shares listed in HK,HK Main,1776,2015-04-10,,,
01776,A-share,Shen1,000776,2010-02-12,,,
01788,Ordinary shares,HK Main,1788,2010-07-08,,,
01788,Nil-paid rights 2014-09-2,HK Main,2942,2014-09-10,2014-09-17,2014-09-18,Expired
01788,Note/bond 2018-11-0,HK Main,5007,2017-11-10,2018-11-05,2018-11-09,Expired
01788,Note/bond 2022-01-1,HK Main,5518,2019-01-15,,,
02611,PRC ordinary shares listed in HK,HK Main,2611,2017-04-11,,,
02611,A-share,Shang,601211,,,,
02611,Note/bond 2022-03-1,HK Main,5853,2019-03-12,,,
02611,Note/bond 2022-03-1,HK Main,5883,2019-03-13,,,
02680,Ordinary shares,HK Main,2680,2018-09-14,,,
03329,Ordinary shares,HK Main,3329,2017-05-19,,,
03678,PRC ordinary shares listed in HK,HK Main,3678,2015-12-30,,,
03908,PRC ordinary shares listed in HK,HK Main,3908,2015-11-09,,,
03908,Note/bond 2021-09-1,HK Main,5155,2018-09-12,,,
03938,Ordinary shares,HK Main,3938,2019-09-30,,,
03958,PRC ordinary shares listed in HK,HK Main,3958,2016-07-08,,,
03958,A-share,Shang,600958,2015-03-23,,,
03958,Note/bond 2022-08-2,HK Main,5645,2019-08-21,,,
03958,Note/bond 2022-08-2,HK Main,5646,2019-08-21,,,
03958,Note/bond 2022-11-3,HK Main,5041,2017-12-01,,,
06030,PRC ordinary shares listed in HK,HK Main,6030,2011-10-06,,,
06030,A-share,Shang,600030,2003-01-06,,,
06030,Note/bond 2019-10-3,HK Main,5820,2014-10-31,2019-10-25,2019-10-31,Expired
06030,Note/bond 2020-04-2,HK Main,5426,2017-04-21,,,
06030,Note/bond 2021-12-1,HK Main,5473,2018-12-11,,,
06030,Note/bond 2022-04-2,HK Main,5427,2017-04-21,,,
06030,Note/bond 2022-10-2,HK Main,40032,2019-10-25,,,
06030,Note/bond 2024-10-2,HK Main,40033,2019-10-25,,,
06058,Ordinary shares,HK GEM,8407,2016-10-20,2019-01-02,2019-01-03,To main board
06058,Ordinary shares,HK Main,6058,2019-01-03,,,
06058,Note/bond 2020-08-2,HK Main,5713,2019-09-02,,,
06066,PRC ordinary shares listed in HK,HK Main,6066,2016-12-09,,,
06099,PRC ordinary shares listed in HK,HK Main,6099,2016-10-07,,,
06099,A-share,Shang,600999,,,,
06178,PRC ordinary shares listed in HK,HK Main,6178,2016-08-18,,,
06178,A-share,Shang,601788,,,,
06806,PRC ordinary shares listed in HK,HK Main,6806,2019-04-26,,,
06806,A-share,Shen1,000166,2015-01-26,,,
06837,PRC ordinary shares listed in HK,HK Main,6837,2012-04-27,,,
06837,A-share,Shang,600837,2007-07-31,,,
06837,Note/bond 2020-04-2,HK Main,5892,2015-04-22,,,
06837,Note/bond 2023-12-1,HK Main,5482,2018-12-14,,,
06837,Note/bond 2023-12-1,HK Main,5483,2018-12-14,,,
06881,PRC ordinary shares listed in HK,HK Main,6881,2013-05-22,,,
06886,PRC ordinary shares listed in HK,HK Main,6886,2015-06-01,,,
06886,A-share,Shang,601688,2010-02-26,,,
06886,Note/bond 2022-05-2,HK Main,4530,2019-05-24,,,
08001,Ordinary shares,HK GEM,8001,2014-01-15,,,
08098,Ordinary shares,HK GEM,8098,2011-03-08,,,
08210,Ordinary shares,HK GEM,8210,2018-08-27,,,
